city,country,latitude,longitude,datetime,aqi,co,no,no2,o3,so2,pm2_5,pm10,nh3
berlin,DE,52.52,13.405,2026-07-16T15:00:00Z,3,96.72,0.26,1.92,107.72,0.91,4.46,4.69,2.55
london,GB,51.5074,-0.1278,2026-07-16T15:00:00Z,3,104.93,0.47,3.18,118.58,3.23,7.47,15.77,0.86
madrid,ES,40.4168,-3.7038,2026-07-16T15:00:00Z,2,79.16,0.04,0.2,78.78,0.17,1.33,2.49,0.93
paris,FR,48.8566,2.3522,2026-07-16T15:00:00Z,2,113.25,0.21,1.83,96.12,0.34,8.16,8.76,2.62
rome,IT,41.9028,12.4964,2026-07-16T15:00:00Z,3,98.27,0.03,0.25,86.34,0.75,38.06,60.75,0
berlin,DE,52.52,13.405,2026-07-16T17:00:00Z,3,99.9,0.38,3.19,103.37,0.97,4.85,5.14,3.8
london,GB,51.5085,-0.1257,2026-07-16T17:00:00Z,3,104.61,0.35,3.75,112.66,3.16,6.52,13.91,0.72
madrid,ES,40.4168,-3.7038,2026-07-16T17:00:00Z,2,79.36,0.04,0.22,78.97,0.17,1.34,2.51,1.04
paris,FR,48.8566,2.3522,2026-07-16T17:00:00Z,2,112.47,0.17,2.14,92.19,0.3,8,8.58,2.9
rome,IT,41.9028,12.4964,2026-07-16T17:00:00Z,3,98.03,0.02,0.3,85.91,0.75,38.53,60.74,0
berlin,DE,52.5174,13.3951,2026-07-16T19:00:00Z,2,105.16,0.08,6.26,90.28,1.14,5.02,5.45,7.55
london,GB,51.5074,-0.1278,2026-07-16T19:00:00Z,2,102.69,0.06,4.87,99.33,3.12,5.04,10.84,0.55
madrid,ES,40.4242,-3.7024,2026-07-16T19:00:00Z,2,78.9,0.02,0.35,77.94,0.13,1.08,2.11,1.53
paris,FR,48.8566,2.3522,2026-07-16T19:00:00Z,2,112.21,0.05,3.02,81.35,0.24,7.45,8.01,4.44
rome,IT,41.9028,12.4964,2026-07-16T19:00:00Z,3,97.86,0,0.45,85.84,0.79,37.9,59.63,0
berlin,DE,52.52,13.405,2026-07-16T21:00:00Z,2,107.95,0,5.1,84.31,1.3,6.63,7.13,8.16
london,GB,51.5094,-0.1318,2026-07-16T21:00:00Z,2,98.84,0,5.68,89.84,3.23,3.89,7.98,0.64
madrid,ES,40.4167,-3.7036,2026-07-16T21:00:00Z,2,79.72,0,0.55,73.06,0.08,0.81,1.75,2.66
paris,FR,48.8566,2.3522,2026-07-16T21:00:00Z,2,113.56,0,3.93,61.38,0.16,7.08,7.65,4.63
rome,IT,41.9028,12.4964,2026-07-16T21:00:00Z,3,97.3,0,0.45,86.27,0.84,35.58,57.28,0
london,GB,51.5085,-0.1257,2026-07-16T22:00:00Z,2,98.91,0,7.11,84.16,3.56,4.06,7.82,0.94
berlin,DE,52.52,13.405,2026-07-16T23:00:00Z,2,107.66,0,4.02,80.69,1.47,7.15,7.7,7.74
madrid,ES,40.4168,-3.7038,2026-07-16T23:00:00Z,2,79.74,0,0.63,68.54,0.07,0.76,1.77,3.49
paris,FR,48.8566,2.3522,2026-07-16T23:00:00Z,1,109.43,0,3.53,49.67,0.09,6.38,6.93,2.63
rome,IT,41.9028,12.4964,2026-07-16T23:00:00Z,3,96.87,0,0.44,83.78,0.79,32.82,55.03,0
berlin,DE,52.52,13.405,2026-07-17T03:00:00Z,2,112.12,0,3.71,61.35,1.3,8.46,9.15,5.94
london,GB,51.5074,-0.1278,2026-07-17T03:00:00Z,2,106.09,0,13,68.9,5.81,5.1,9.45,1.52
madrid,ES,40.4242,-3.7024,2026-07-17T03:00:00Z,2,82.7,0,0.75,60.64,0.1,0.92,2.17,4.76
paris,FR,48.8566,2.3522,2026-07-17T03:00:00Z,1,104.33,0,2.25,38.92,0.09,5.27,5.78,1.89
rome,IT,41.8964,12.5024,2026-07-17T03:00:00Z,3,95.89,0,0.34,80.16,0.65,29.96,53.07,0
berlin,DE,52.52,13.405,2026-07-17T06:00:00Z,1,120.38,0.21,6.74,43.84,1.66,8.37,8.88,3.18
london,GB,51.5074,-0.1278,2026-07-17T06:00:00Z,1,114.97,0.8,20.88,49.23,8.56,6.19,11.32,1.74
madrid,ES,40.4165,-3.7026,2026-07-17T06:00:00Z,1,84.65,0.02,1.81,48.44,0.08,1.02,2.34,5.94
paris,FR,48.8566,2.3522,2026-07-17T06:00:00Z,1,105.28,0.18,3.13,36.65,0.16,4.91,5.35,1.46
rome,IT,41.8988,12.5035,2026-07-17T06:00:00Z,3,94.81,0.01,0.29,78.47,0.5,28.18,53.43,0
berlin,DE,52.5201,13.4033,2026-07-17T09:00:00Z,1,121.01,0.73,6.77,52.36,1.21,6.46,6.84,3.03
london,GB,51.5149,-0.1318,2026-07-17T09:00:00Z,1,121.39,7.89,17.06,48.74,9.84,7.23,12.31,1.51
madrid,ES,40.4165,-3.7026,2026-07-17T09:00:00Z,1,83.24,0.26,1.01,56.58,0.1,1.07,2.49,4.94
paris,FR,48.8566,2.3522,2026-07-17T09:00:00Z,2,106.45,0.37,1.81,68.63,0.25,5.3,5.79,2.27
rome,IT,41.9,12.5,2026-07-17T09:00:00Z,3,93.8,0.03,0.19,77.69,0.43,30.77,57.44,0
berlin,DE,52.52,13.405,2026-07-17T11:00:00Z,2,111.07,0.25,4.56,78.43,1.12,3.92,4.13,2.65
london,GB,51.5085,-0.1257,2026-07-17T11:00:00Z,1,124.95,10.42,18.16,53.43,13.15,9.31,14.1,1.38
madrid,ES,40.4168,-3.7038,2026-07-17T11:00:00Z,2,81.05,0.04,0.17,77.1,0.16,0.78,1.69,1.21
paris,FR,48.8566,2.3522,2026-07-17T11:00:00Z,3,102.5,0.08,0.71,104.53,0.21,4.1,4.4,2.06
rome,IT,41.9028,12.4964,2026-07-17T11:00:00Z,3,93.53,0.03,0.16,74.82,0.41,34.6,61.52,0
berlin,DE,52.52,13.405,2026-07-17T13:00:00Z,3,104.09,0.15,2.47,106.56,1.09,2.52,2.67,3.2
london,GB,51.5074,-0.1278,2026-07-17T13:00:00Z,2,130.27,13.8,27.89,51.66,18.7,17.6,22.56,0.71
madrid,ES,40.4165,-3.7026,2026-07-17T13:00:00Z,2,78.92,0.04,0.17,84.6,0.16,0.94,1.93,1.1
paris,FR,48.8566,2.3522,2026-07-17T13:00:00Z,3,100.03,0.07,0.55,105.94,0.2,3.98,4.28,2.17
rome,IT,41.9028,12.4964,2026-07-17T13:00:00Z,3,92.6,0.02,0.13,71.26,0.46,36.6,64.29,0
berlin,DE,52.52,13.405,2026-07-17T15:00:00Z,3,107.78,0.23,3.28,103.42,1.24,2.94,3.11,3
london,GB,51.5074,-0.1278,2026-07-17T15:00:00Z,2,130.56,12.78,28.42,55.22,17.72,18.84,24.43,0.64
madrid,ES,40.4168,-3.7038,2026-07-17T15:00:00Z,2,77.71,0.04,0.18,86.72,0.16,0.94,1.96,1.08
paris,FR,48.8566,2.3522,2026-07-17T15:00:00Z,3,98.5,0.07,0.56,106.4,0.15,3.46,3.72,2
rome,IT,41.9028,12.4964,2026-07-17T15:00:00Z,3,92.87,0.02,0.13,71.27,0.47,35.8,63.6,0
berlin,DE,52.52,13.405,2026-07-17T17:00:00Z,2,110.69,0.2,5.08,91.04,1.17,3.3,3.48,2.51
london,GB,51.5074,-0.1278,2026-07-17T17:00:00Z,2,122.24,4.58,22.2,84.15,10.99,18.04,25.09,0.48
madrid,ES,40.4192,-3.7032,2026-07-17T17:00:00Z,2,77.79,0.04,0.26,89,0.13,1.05,2.49,1.36
paris,FR,48.8566,2.3522,2026-07-17T17:00:00Z,3,96.87,0.07,0.98,105.34,0.14,2.89,3.24,2.2
rome,IT,41.9028,12.4964,2026-07-17T17:00:00Z,3,93.14,0.02,0.18,72.11,0.49,32.56,60.82,0
berlin,DE,52.52,13.405,2026-07-17T19:00:00Z,2,110.64,0.03,5.6,81.05,1.01,3.64,3.84,2.33
london,GB,51.5074,-0.1278,2026-07-17T19:00:00Z,3,111.62,0.6,15.14,104.38,7.49,11.85,17.9,0.51
madrid,ES,40.4167,-3.7037,2026-07-17T19:00:00Z,2,78.13,0.02,0.47,86.28,0.13,1.17,3,2.32
paris,FR,48.8566,2.3522,2026-07-17T19:00:00Z,3,95.9,0.03,1.51,100.6,0.19,2.8,3.4,2.92
rome,IT,41.9028,12.4964,2026-07-17T19:00:00Z,3,93.39,0,0.27,71.87,0.49,29.91,57.96,0
london,GB,51.5074,-0.1278,2026-07-17T20:00:00Z,3,108.34,0,13.27,102.96,6.62,9.38,14.3,0.58
madrid,ES,40.4167,-3.7036,2026-07-17T20:00:00Z,2,79.1,0,0.85,80.19,0.1,1.08,2.62,4.47
paris,FR,48.8575,2.3514,2026-07-17T20:00:00Z,2,97.82,0,2.32,89.82,0.28,3.21,4.14,4.04
berlin,DE,52.52,13.405,2026-07-17T21:00:00Z,2,111.01,0,5.19,70.1,0.85,3.56,3.79,1.92
rome,IT,41.9028,12.4964,2026-07-17T21:00:00Z,3,93.76,0,0.31,70.9,0.5,28.81,56.16,0
berlin,DE,52.52,13.405,2026-07-17T22:00:00Z,2,107.32,0,3.95,65.26,0.65,2.94,3.23,1.91
london,GB,51.5085,-0.1257,2026-07-17T22:00:00Z,2,106.88,0,14.72,94.56,6.87,8.44,12.77,0.64
madrid,ES,40.4168,-3.7038,2026-07-17T22:00:00Z,2,78.38,0,1.1,71.25,0.08,1.02,2.39,6.75
paris,FR,48.8566,2.3522,2026-07-17T22:00:00Z,2,99.31,0,2.38,81.34,0.43,3.76,5.06,4.35
rome,IT,41.9028,12.4964,2026-07-17T22:00:00Z,3,94.45,0,0.34,70.88,0.57,28.93,56.26,0
berlin,DE,52.52,13.405,2026-07-17T23:00:00Z,2,106.2,0,3.22,66.48,0.63,2.75,3.07,1.99
london,GB,51.5074,-0.1278,2026-07-17T23:00:00Z,2,106.78,0,16.16,87.25,7.03,7.77,11.66,0.82
madrid,ES,40.416,-3.703,2026-07-17T23:00:00Z,2,78.45,0,1.12,66.99,0.07,1.01,2.37,7.51
paris,FR,48.8566,2.3522,2026-07-17T23:00:00Z,2,101.02,0,2.15,79.95,0.53,4.08,5.62,4.46
rome,IT,41.9028,12.4964,2026-07-17T23:00:00Z,3,95.01,0,0.35,71.66,0.61,29.35,57.33,0
berlin,DE,52.52,13.405,2026-07-18T03:00:00Z,2,105.69,0,2.17,71.86,0.77,3.6,4.09,2.41
london,GB,51.508,-0.126,2026-07-18T03:00:00Z,1,110.48,0,22.45,58.62,7.68,8.13,11.66,1.01
madrid,ES,40.416,-3.703,2026-07-18T03:00:00Z,1,77.72,0,1.18,57.46,0.05,1.03,2.49,8.65
paris,FR,48.8566,2.3522,2026-07-18T03:00:00Z,2,104.01,0,1.92,70.19,0.59,4.78,6.84,4.51
rome,IT,41.9028,12.4964,2026-07-18T03:00:00Z,3,99.79,0,0.39,76.82,0.72,31.17,67.05,0
berlin,DE,52.52,13.405,2026-07-18T06:00:00Z,2,104.26,0.16,2.92,66.73,1.01,4.49,5.21,2.56
london,GB,51.5074,-0.1278,2026-07-18T06:00:00Z,2,110.23,0.63,17.48,52.98,6.61,10.97,16.75,0.35
madrid,ES,40.4192,-3.7032,2026-07-18T06:00:00Z,1,77.85,0.02,2.05,48.49,0.05,1.14,2.8,10.28
paris,FR,48.8566,2.3522,2026-07-18T06:00:00Z,1,111.86,0.2,3.75,58.9,0.72,5.47,8.09,4.55
rome,IT,41.9028,12.4964,2026-07-18T06:00:00Z,3,106.14,0.02,0.57,81.8,0.77,31.93,75.5,0
berlin,DE,52.52,13.405,2026-07-18T08:00:00Z,2,100.62,0.32,1.38,83.07,0.98,3.54,4.49,2.87
london,GB,51.5074,-0.1278,2026-07-18T08:00:00Z,2,109.83,1.57,6.81,74.05,4.52,9.11,16.78,0.63
madrid,ES,40.4168,-3.7038,2026-07-18T08:00:00Z,1,76.38,0.31,1.4,54.54,0.05,1.3,3.13,8.24
paris,FR,48.8566,2.3522,2026-07-18T08:00:00Z,2,120.1,1,3.47,70.7,1.11,6.79,9.97,5.05
rome,IT,41.9028,12.4964,2026-07-18T08:00:00Z,3,105.51,0.05,0.35,86.52,0.71,31.76,76.26,0
berlin,DE,52.52,13.405,2026-07-18T10:00:00Z,2,99.74,0.18,0.77,92.86,0.76,2.83,3.73,2.3
london,GB,51.5085,-0.1257,2026-07-18T10:00:00Z,2,111.3,1.57,5.73,80.31,4.35,8.77,17.07,0.64
madrid,ES,40.4168,-3.7038,2026-07-18T10:00:00Z,2,77.13,0.06,0.34,93.36,0.17,1.42,3.64,2.53
paris,FR,48.8566,2.3522,2026-07-18T10:00:00Z,3,111.82,0.26,1.32,106.31,1.04,6.19,8.68,3.41
rome,IT,41.9028,12.4964,2026-07-18T10:00:00Z,3,104.82,0.04,0.29,86.98,0.67,31.85,76.06,0
berlin,DE,52.52,13.405,2026-07-18T11:00:00Z,2,99.08,0.11,0.55,98.03,0.61,2.41,3.49,2.02
london,GB,51.5074,-0.1278,2026-07-18T11:00:00Z,2,113.13,1.47,5.3,94.63,5.27,9.3,18.28,0.63
madrid,ES,40.4168,-3.7038,2026-07-18T11:00:00Z,2,75.93,0.04,0.23,94.97,0.19,1.51,3.67,1.74
paris,FR,48.8566,2.3522,2026-07-18T11:00:00Z,3,102,0.09,0.52,117.05,0.68,5.5,7.24,2.41
rome,IT,41.9028,12.4964,2026-07-18T11:00:00Z,3,103.96,0.04,0.23,87,0.59,32.01,75.17,0
berlin,DE,52.52,13.405,2026-07-18T13:00:00Z,2,98.69,0.1,0.55,99.44,0.41,1.45,2.11,1.69
london,GB,51.5074,-0.1278,2026-07-18T13:00:00Z,3,115.6,1.5,6.37,110.43,7.51,10.36,18.27,0.58
madrid,ES,40.416,-3.703,2026-07-18T13:00:00Z,3,71.32,0.03,0.17,100.8,0.12,1.57,4.33,1.15
paris,FR,48.8566,2.3522,2026-07-18T13:00:00Z,3,96.11,0.07,0.45,115.49,0.35,3.96,4.97,1.83
rome,IT,41.8984,12.5042,2026-07-18T13:00:00Z,3,104.08,0.04,0.24,85.91,0.57,33.57,76.45,0
berlin,DE,52.52,13.405,2026-07-18T14:00:00Z,3,100.16,0.11,0.68,100.04,0.46,1.67,2.58,1.95
london,GB,51.5074,-0.1278,2026-07-18T14:00:00Z,3,116.8,1.66,7.77,114.44,8.94,11.46,19.2,0.47
madrid,ES,40.4192,-3.7032,2026-07-18T14:00:00Z,3,69.84,0.03,0.18,102.74,0.11,1.57,4.19,1.06
paris,FR,48.8566,2.3522,2026-07-18T14:00:00Z,3,94.75,0.07,0.48,116.12,0.34,3.82,4.76,1.76
rome,IT,41.9028,12.4964,2026-07-18T14:00:00Z,3,103.85,0.04,0.25,85.48,0.55,33.8,76.33,0
madrid,ES,40.4192,-3.7032,2026-07-18T15:00:00Z,3,69.79,0.03,0.2,105.11,0.11,1.5,3.74,1.12
berlin,DE,52.52,13.405,2026-07-18T16:00:00Z,3,101.95,0.13,0.94,100.65,0.53,1.93,3.16,2.39
london,GB,51.5074,-0.1278,2026-07-18T16:00:00Z,3,118.34,1.51,10.91,113.57,10.66,12.39,19.97,0.4
paris,FR,48.8566,2.3522,2026-07-18T16:00:00Z,3,94.4,0.08,0.56,117.27,0.34,3.8,4.71,1.79
rome,IT,41.9028,12.4964,2026-07-18T16:00:00Z,3,103.79,0.04,0.28,85.43,0.52,33.95,76.41,0
berlin,DE,52.5174,13.3951,2026-07-18T17:00:00Z,2,104.79,0.08,1.88,97.91,0.79,2.19,3.89,3.58
london,GB,51.5074,-0.1278,2026-07-18T17:00:00Z,3,121.8,1.63,16.45,107.84,12.8,13,20.33,0.43
madrid,ES,40.4167,-3.7036,2026-07-18T17:00:00Z,3,69.61,0.02,0.27,106.62,0.1,1.4,3.39,1.49
paris,FR,48.8566,2.3522,2026-07-18T17:00:00Z,3,94.09,0.05,0.72,117.57,0.4,3.88,4.72,2.03
rome,IT,41.9028,12.4964,2026-07-18T17:00:00Z,3,103.37,0.01,0.4,85.31,0.51,33.51,77.4,0
berlin,DE,52.52,13.405,2026-07-18T19:00:00Z,2,104.83,0.02,2.22,94.36,0.79,2.16,3.88,4.39
london,GB,51.5085,-0.1257,2026-07-18T19:00:00Z,3,122.91,0.85,18.91,103.79,12.65,12.6,20.11,0.47
madrid,ES,40.4168,-3.7038,2026-07-18T19:00:00Z,3,69.4,0.01,0.42,102.19,0.09,1.39,3.35,2.27
paris,FR,48.8566,2.3522,2026-07-18T19:00:00Z,3,94.7,0.02,0.97,115.03,0.45,3.99,4.76,2.37
rome,IT,41.9028,12.4964,2026-07-18T19:00:00Z,3,103.44,0,0.42,85.21,0.49,32.83,77.06,0
berlin,DE,52.52,13.405,2026-07-18T20:00:00Z,2,106.23,0,2.92,83.95,0.81,1.92,3.39,6.33
london,GB,51.5074,-0.1278,2026-07-18T20:00:00Z,2,118.31,0,15.55,93.19,9.01,9.28,16.25,0.54
madrid,ES,40.4168,-3.7038,2026-07-18T20:00:00Z,2,70.3,0,0.82,89.63,0.08,1.27,2.88,4.67
paris,FR,48.8566,2.3522,2026-07-18T20:00:00Z,3,98.84,0,1.56,107.15,0.57,4.7,5.51,3.3
rome,IT,41.9028,12.4964,2026-07-18T20:00:00Z,3,103.15,0,0.36,84.81,0.45,30.07,70.41,0
berlin,DE,52.52,13.405,2026-07-18T21:00:00Z,2,104.46,0,3,77.36,0.72,1.75,3.05,7.01
london,GB,51.5074,-0.1278,2026-07-18T21:00:00Z,2,112.36,0,8.32,92.94,5.24,5.96,11.33,0.65
madrid,ES,40.4168,-3.7038,2026-07-18T21:00:00Z,2,69.81,0,0.94,83.89,0.07,1.22,2.73,5.65
paris,FR,48.8566,2.3522,2026-07-18T21:00:00Z,3,100.78,0,1.76,102.14,0.64,5.01,6.08,3.59
rome,IT,41.9028,12.4964,2026-07-18T21:00:00Z,3,102.89,0,0.35,84.07,0.43,28.46,66.34,0.01
berlin,DE,52.52,13.405,2026-07-18T22:00:00Z,2,103.97,0,2.89,72.65,0.65,1.62,2.84,7.41
london,GB,51.5074,-0.1278,2026-07-18T22:00:00Z,2,109.35,0,5.89,86.98,3.76,3.93,8.15,0.67
madrid,ES,40.4168,-3.7038,2026-07-18T22:00:00Z,2,70.2,0,0.99,79,0.06,1.19,2.66,6.35
paris,FR,48.8566,2.3522,2026-07-18T22:00:00Z,2,105.14,0,1.93,98.38,0.74,5.16,6.63,3.84
rome,IT,41.9028,12.4964,2026-07-18T22:00:00Z,3,102.61,0,0.34,82.55,0.42,27.21,63.66,0.01
berlin,DE,52.52,13.405,2026-07-19T00:00:00Z,2,103.51,0,2.67,69.16,0.6,1.53,2.73,7.07
london,GB,51.5074,-0.1278,2026-07-19T00:00:00Z,2,107.61,0,4.88,80.93,3.05,2.65,5.93,0.67
madrid,ES,40.4168,-3.7038,2026-07-19T00:00:00Z,2,70.69,0,0.98,74.79,0.06,1.17,2.62,6.81
paris,FR,48.8566,2.3522,2026-07-19T00:00:00Z,2,109.14,0,2.07,94.72,0.83,4.98,6.86,4
rome,IT,41.9028,12.4964,2026-07-19T00:00:00Z,3,102.59,0,0.35,80.96,0.42,26.34,62.53,0
berlin,DE,52.52,13.405,2026-07-19T04:00:00Z,2,101.06,0,2.11,64.2,0.74,1.34,3.07,5.16
london,GB,51.5074,-0.1278,2026-07-19T04:00:00Z,2,106.32,0,4.73,67.05,2.38,1.67,3.89,0.89
madrid,ES,40.4192,-3.7032,2026-07-19T04:00:00Z,2,72.4,0,1.12,61.24,0.05,1.2,2.9,8.03
paris,FR,48.8566,2.3522,2026-07-19T04:00:00Z,2,108.44,0,2.16,75.55,0.81,2.4,4.88,3.68
rome,IT,41.9028,12.4964,2026-07-19T04:00:00Z,3,103.1,0,0.41,78.02,0.54,25.79,65.92,0.04
berlin,DE,52.52,13.405,2026-07-19T07:00:00Z,1,103.12,0.16,3.51,58.4,0.96,1.43,3.46,4.67
london,GB,51.5074,-0.1278,2026-07-19T07:00:00Z,2,106.78,0.21,5.89,63.71,3.1,1.5,4.05,0.88
madrid,ES,40.4168,-3.7038,2026-07-19T07:00:00Z,1,74.08,0.18,1.99,49.96,0.05,1.46,3.56,8.65
paris,FR,48.8566,2.3522,2026-07-19T07:00:00Z,2,106.71,0.45,2.7,66.62,0.82,1.65,4.34,2.93
rome,IT,41.9028,12.4964,2026-07-19T07:00:00Z,3,103.25,0.05,0.5,77.16,0.59,22.19,55.86,0.2
berlin,DE,52.52,13.405,2026-07-19T09:00:00Z,2,101.65,0.33,2.49,63.67,0.99,1.43,3.21,3.41
london,GB,51.5074,-0.1278,2026-07-19T09:00:00Z,2,108.31,1.6,5.92,65.47,4.26,1.68,4.29,1.09
madrid,ES,40.4168,-3.7038,2026-07-19T09:00:00Z,2,75.85,0.06,0.36,90.92,0.25,2.26,5.07,2.38
paris,FR,48.8566,2.3522,2026-07-19T09:00:00Z,2,106.34,0.36,1.29,82.03,0.75,2.1,4.54,1.93
rome,IT,41.9028,12.4964,2026-07-19T09:00:00Z,2,103.54,0.05,0.3,86.42,0.64,15.86,41.25,0.46
berlin,DE,52.52,13.405,2026-07-19T11:00:00Z,2,99.38,0.31,1.57,69.66,0.82,1.36,2.87,2.9
london,GB,51.5074,-0.1278,2026-07-19T11:00:00Z,2,109.06,1.73,6,70.6,4.82,1.93,4.41,1.13
madrid,ES,40.4168,-3.7038,2026-07-19T11:00:00Z,2,74.61,0.05,0.24,94.59,0.25,2.09,4.73,1.74
paris,FR,48.8566,2.3522,2026-07-19T11:00:00Z,2,103.9,0.19,0.73,88.37,0.6,2.16,4.15,1.49
rome,IT,41.9028,12.4964,2026-07-19T11:00:00Z,2,103.76,0.04,0.27,88.34,0.63,14.45,37.63,0.52
berlin,DE,52.52,13.405,2026-07-19T13:00:00Z,2,95.38,0.13,1.17,77.27,0.53,0.88,1.16,1.58
london,GB,51.5074,-0.1278,2026-07-19T13:00:00Z,2,108.87,1.41,5.68,85.81,5.39,3.2,6.07,1.09
madrid,ES,40.4168,-3.7038,2026-07-19T13:00:00Z,3,70.13,0.03,0.16,100.31,0.12,3.16,10.84,0.98
paris,FR,48.8566,2.3522,2026-07-19T13:00:00Z,2,100.07,0.1,0.5,96.49,0.52,2.26,3.87,1.27
rome,IT,41.9019,12.5024,2026-07-19T13:00:00Z,2,101.48,0.03,0.21,87.36,0.54,18.47,48.96,0.39
madrid,ES,40.4165,-3.7026,2026-07-19T14:00:00Z,2,69.51,0.03,0.16,99.62,0.11,3.44,12.2,0.94
berlin,DE,52.52,13.405,2026-07-19T15:00:00Z,2,95.62,0.13,1.53,76.04,0.48,0.78,0.94,1.49
london,GB,51.5074,-0.1278,2026-07-19T15:00:00Z,2,109.03,1.54,6.46,92.19,6.16,3.81,6.57,1.01
paris,FR,48.8566,2.3522,2026-07-19T15:00:00Z,2,99.01,0.11,0.55,97.53,0.52,2.21,3.79,1.29
rome,IT,41.9028,12.4964,2026-07-19T15:00:00Z,2,100.31,0.03,0.21,87.1,0.5,18.06,49.86,0.41
paris,FR,48.8566,2.3522,2026-07-19T16:00:00Z,2,99.34,0.1,0.74,99.74,0.56,2.2,3.81,1.49
berlin,DE,52.52,13.405,2026-07-19T17:00:00Z,2,95.18,0.17,2.1,68.82,0.44,0.59,0.7,1.59
london,GB,51.5074,-0.1278,2026-07-19T17:00:00Z,2,109.07,1.25,7.49,93.64,6.35,4.17,6.94,0.91
madrid,ES,40.4168,-3.7038,2026-07-19T17:00:00Z,2,71.27,0.03,0.22,99.76,0.11,2.88,8.5,1.37
rome,IT,41.9028,12.4964,2026-07-19T17:00:00Z,3,99.96,0.02,0.26,86.73,0.46,18.48,52.94,0.38
berlin,DE,52.52,13.405,2026-07-19T19:00:00Z,2,95.27,0.03,2.58,63.52,0.51,0.69,0.89,2.35
london,GB,51.5085,-0.1257,2026-07-19T19:00:00Z,2,109.54,0.52,9.46,91.37,6.37,4.64,7.84,0.89
madrid,ES,40.4165,-3.7026,2026-07-19T19:00:00Z,2,71.64,0.02,0.42,93.84,0.11,2.38,5.99,2.42
paris,FR,48.8566,2.3522,2026-07-19T19:00:00Z,2,100.61,0.03,1.26,96.2,0.62,2.04,3.71,1.88
rome,IT,41.9,12.5,2026-07-19T19:00:00Z,3,100.11,0,0.33,85.29,0.43,19.81,57.65,0.3
berlin,DE,52.52,13.405,2026-07-19T20:00:00Z,1,96.11,0,3.09,58.05,0.63,1.14,1.87,3.28
london,GB,51.5074,-0.1278,2026-07-19T20:00:00Z,2,107.91,0,9.28,86.81,5.57,4.42,7.81,0.83
madrid,ES,40.4168,-3.7038,2026-07-19T20:00:00Z,2,72.62,0,0.82,81.24,0.1,2.09,4.62,4.83
paris,FR,48.8566,2.3522,2026-07-19T20:00:00Z,2,104.08,0,2.07,87.09,0.7,1.86,3.62,2.64
rome,IT,41.9028,12.4964,2026-07-19T20:00:00Z,3,100.67,0,0.32,82.99,0.41,21.02,61.16,0.22
berlin,DE,52.52,13.405,2026-07-19T22:00:00Z,1,95.15,0,3.12,56.04,0.66,1.43,2.72,3.65
london,GB,51.5074,-0.1278,2026-07-19T22:00:00Z,2,105.39,0,9.1,82.68,5.26,4.01,7.27,0.81
madrid,ES,40.4168,-3.7038,2026-07-19T22:00:00Z,2,71.98,0,0.95,75.96,0.09,1.98,4.28,5.86
paris,FR,48.8566,2.3522,2026-07-19T22:00:00Z,2,103.75,0,2.23,81.8,0.73,1.76,3.49,2.87
rome,IT,41.9028,12.4964,2026-07-19T22:00:00Z,3,100.74,0,0.31,81.47,0.4,21.57,62.8,0.17
berlin,DE,52.52,13.405,2026-07-20T00:00:00Z,1,93.98,0,2.82,54.57,0.81,1.9,4.23,4.39
london,GB,51.5074,-0.1278,2026-07-20T00:00:00Z,2,100.88,0,9.54,75.57,5.26,3.34,6.49,0.78
madrid,ES,40.4168,-3.7038,2026-07-20T00:00:00Z,2,73.02,0,1.02,68.51,0.07,1.89,4.02,7.14
paris,FR,48.8566,2.3522,2026-07-20T00:00:00Z,2,102.57,0,2.24,75.39,0.83,1.84,3.94,3.23
rome,IT,41.9028,12.4964,2026-07-20T00:00:00Z,3,100.98,0,0.32,78.82,0.4,22.7,66.65,0.09
berlin,DE,52.52,13.405,2026-07-20T04:00:00Z,1,93.03,0.05,2.56,52.58,0.84,1.72,3.87,3.18
london,GB,51.5085,-0.1257,2026-07-20T04:00:00Z,2,92.72,0,5.73,63.94,3.17,2.12,5.8,0.93
madrid,ES,40.4168,-3.7038,2026-07-20T04:00:00Z,1,74.77,0,1.49,53.4,0.05,2,4.39,8.05
paris,FR,48.8566,2.3522,2026-07-20T04:00:00Z,2,98.41,0.01,2.93,64.36,0.98,1.74,4.92,3.96
rome,IT,41.9028,12.4964,2026-07-20T04:00:00Z,3,100.36,0,0.36,79.63,0.47,24.18,72.44,0.01
berlin,DE,52.52,13.405,2026-07-20T08:00:00Z,1,93.93,0.26,1.79,58.49,0.63,0.8,1.6,1.83
london,GB,51.5074,-0.1278,2026-07-20T08:00:00Z,2,92.24,1.09,4.87,65.24,3.32,2.29,6.18,0.64
madrid,ES,40.4168,-3.7038,2026-07-20T08:00:00Z,1,75.71,0.45,1.81,48.06,0.05,2.27,5,7.74
paris,FR,48.8566,2.3522,2026-07-20T08:00:00Z,2,101.54,0.98,3.24,63.16,1.26,2.12,6.33,3.24
rome,IT,41.8964,12.5024,2026-07-20T08:00:00Z,3,100.8,0.04,0.29,79.85,0.44,24.02,73.51,0.05
berlin,DE,52.52,13.405,2026-07-20T11:00:00Z,2,93,0.16,0.75,70.91,0.47,0.86,1.22,1.14
london,GB,51.5074,-0.1278,2026-07-20T11:00:00Z,2,93,1.62,4.64,82.26,4.61,3.77,8.61,0.49
madrid,ES,40.4192,-3.7032,2026-07-20T11:00:00Z,2,75.44,0.04,0.22,93.6,0.3,2.76,6.54,1.59
paris,FR,48.8566,2.3522,2026-07-20T11:00:00Z,2,95.51,0.2,0.74,89.84,0.87,3.73,8.12,1.7
rome,IT,41.9028,12.4964,2026-07-20T11:00:00Z,3,101.62,0.03,0.19,83.79,0.44,19.5,59.39,0.3
berlin,DE,52.52,13.405,2026-07-20T14:00:00Z,2,94.14,0.19,0.99,71.32,0.47,0.73,0.91,1.34
london,GB,51.5074,-0.1278,2026-07-20T14:00:00Z,2,94.2,1.59,5.45,91.3,6.17,5.33,11.63,0.38
madrid,ES,40.4165,-3.7026,2026-07-20T14:00:00Z,2,73.03,0.04,0.19,97.1,0.2,2.7,7.87,1.24
paris,FR,48.8575,2.3514,2026-07-20T14:00:00Z,2,93.11,0.13,0.57,97.56,0.71,3.49,7.35,1.58
rome,IT,41.9028,12.4964,2026-07-20T14:00:00Z,3,95.48,0.02,0.1,83.72,0.24,16.94,54.44,0.47
berlin,DE,52.52,13.405,2026-07-20T16:00:00Z,2,95.6,0.22,1.36,72.34,0.48,0.75,0.91,1.62
london,GB,51.5074,-0.1278,2026-07-20T16:00:00Z,2,96.53,2.25,9.47,94.86,9.96,6.62,14.32,0.39
madrid,ES,40.4168,-3.7038,2026-07-20T16:00:00Z,2,72.31,0.04,0.22,99.7,0.17,2.55,6.99,1.25
paris,FR,48.8566,2.3522,2026-07-20T16:00:00Z,2,90.94,0.15,0.76,97.91,0.67,3.13,6.39,1.52
rome,IT,41.9028,12.4964,2026-07-20T16:00:00Z,2,96.08,0.02,0.13,85.5,0.23,13.56,41.47,0.74
berlin,DE,52.52,13.405,2026-07-20T18:00:00Z,2,97.15,0.02,2.42,64.99,0.59,0.78,0.97,2.6
london,GB,51.5074,-0.1278,2026-07-20T18:00:00Z,2,97.31,0.77,14.78,90.53,10.4,6.92,15.29,0.22
madrid,ES,40.4192,-3.7032,2026-07-20T18:00:00Z,2,73.02,0.02,0.5,94.18,0.16,2.67,7.08,2.58
paris,FR,48.8566,2.3522,2026-07-20T18:00:00Z,2,91.78,0.07,1.72,88.53,0.74,2.66,5.32,1.98
rome,IT,41.9028,12.4964,2026-07-20T18:00:00Z,2,96.65,0,0.23,88.16,0.24,12.25,36.1,0.85
berlin,DE,52.52,13.405,2026-07-20T20:00:00Z,1,98.37,0,3.17,58.62,0.63,0.83,1.08,3.46
london,GB,51.5074,-0.1278,2026-07-20T20:00:00Z,2,97.31,0.09,15.65,86.97,9.91,6.68,14.83,0.22
madrid,ES,40.4168,-3.7038,2026-07-20T20:00:00Z,2,73.86,0,0.78,87.12,0.15,2.59,6.56,4.1
paris,FR,48.8566,2.3522,2026-07-20T20:00:00Z,2,93.73,0,2.34,83.49,0.82,2.59,5.25,2.4
rome,IT,41.9028,12.4964,2026-07-20T20:00:00Z,2,96.61,0,0.23,86.78,0.26,12.92,37.54,0.78
london,GB,51.5085,-0.1257,2026-07-20T21:00:00Z,2,96.67,0,11.08,83.26,7.14,5.45,12.7,0.31
paris,FR,48.8566,2.3522,2026-07-20T21:00:00Z,2,96.81,0,2.92,75.56,1,2.55,5.31,3.16
berlin,DE,52.52,13.405,2026-07-20T22:00:00Z,1,98.46,0,3.99,50.69,0.59,0.9,1.26,3.25
madrid,ES,40.4167,-3.7036,2026-07-20T22:00:00Z,2,73.89,0,1.16,77.29,0.13,2.36,5.66,6.86
rome,IT,41.9,12.5,2026-07-20T22:00:00Z,2,96.01,0,0.26,81.92,0.3,15.71,44.77,0.52
madrid,ES,40.4192,-3.7032,2026-07-20T23:00:00Z,2,74.47,0,1.24,69.67,0.1,2.24,5.23,9.4
berlin,DE,52.52,13.405,2026-07-21T00:00:00Z,1,97,0,3.59,48.45,0.61,0.92,1.39,2.95
london,GB,51.5074,-0.1278,2026-07-21T00:00:00Z,2,96.3,0,8.2,78.2,5.31,4.13,10.32,0.37
paris,FR,48.8566,2.3522,2026-07-21T00:00:00Z,2,98.01,0,2.94,72.52,1.2,2.63,5.97,3.71
rome,IT,41.9028,12.4964,2026-07-21T00:00:00Z,3,95.74,0,0.28,77.26,0.34,18.72,52.45,0.27
berlin,DE,52.52,13.405,2026-07-21T04:00:00Z,1,95.41,0,3.24,44.42,0.69,1.13,1.73,2.7
london,GB,51.5085,-0.1257,2026-07-21T04:00:00Z,2,95.7,0,5.52,69.21,3.42,2.73,6.73,0.53
madrid,ES,40.416,-3.703,2026-07-21T04:00:00Z,2,74.01,0,1.39,61.71,0.07,2,4.68,14.84
paris,FR,48.8566,2.3522,2026-07-21T04:00:00Z,2,97.34,0,3.43,65.74,1.46,2.78,8.09,4.61
rome,IT,41.9028,12.4964,2026-07-21T04:00:00Z,3,96.44,0,0.3,76.8,0.37,21.04,56.93,0.12
berlin,DE,52.52,13.405,2026-07-21T07:00:00Z,1,95.96,0.92,3.07,55.52,1.32,1.62,2.41,3.67
london,GB,51.5074,-0.1278,2026-07-21T07:00:00Z,2,99.1,2.25,8.91,64.04,6.37,4.63,10.53,0.87
madrid,ES,40.4168,-3.7038,2026-07-21T07:00:00Z,1,74.54,0.35,2.31,50.48,0.05,1.91,4.45,12.2
paris,FR,48.8566,2.3522,2026-07-21T07:00:00Z,1,105.25,1.48,4.62,59.21,1.62,3.27,9.88,4.56
rome,IT,41.9028,12.4964,2026-07-21T07:00:00Z,3,98.33,0.04,0.27,80.3,0.38,21.42,57.76,0.12
berlin,DE,52.52,13.405,2026-07-21T10:00:00Z,2,90.39,0.34,1.45,70.27,0.94,1.44,2.04,2.39
london,GB,51.5074,-0.1278,2026-07-21T10:00:00Z,2,104.38,4.46,10.92,65.38,8.94,6.42,12.27,1.1
madrid,ES,40.4168,-3.7038,2026-07-21T10:00:00Z,2,74.18,0.06,0.47,91.39,0.2,2.09,6.28,3.13
paris,FR,48.8566,2.3522,2026-07-21T10:00:00Z,2,102.06,0.7,2.26,82.57,1.34,4.07,10.67,3.37
rome,IT,41.9028,12.4964,2026-07-21T10:00:00Z,3,99.2,0.03,0.17,83.75,0.38,22.01,60.4,0.08
berlin,DE,52.52,13.405,2026-07-21T12:00:00Z,2,86.73,0.14,0.7,78.29,0.59,1.15,1.53,1.61
london,GB,51.5074,-0.1278,2026-07-21T12:00:00Z,2,103.92,3.56,9.49,79.44,8.72,6.81,11.29,0.91
madrid,ES,40.4168,-3.7038,2026-07-21T12:00:00Z,2,73.79,0.05,0.28,95.07,0.24,2.42,7.8,2.26
paris,FR,48.8566,2.3522,2026-07-21T12:00:00Z,3,98.18,0.2,0.87,100.65,1.01,4.99,10.67,2.56
rome,IT,41.9028,12.4964,2026-07-21T12:00:00Z,3,99,0.02,0.14,83.5,0.39,22.48,61.52,0.05
berlin,DE,52.5201,13.4033,2026-07-21T15:00:00Z,2,85.2,0.13,0.78,87.04,0.51,1.18,1.52,1.66
london,GB,51.5074,-0.1278,2026-07-21T15:00:00Z,2,110.16,5.39,17.87,85.81,18.41,13.43,19.7,0.3
madrid,ES,40.4187,-3.7024,2026-07-21T15:00:00Z,3,70.69,0.03,0.17,95.31,0.12,10.5,52.11,0.98
paris,FR,48.8566,2.3522,2026-07-21T15:00:00Z,3,95.79,0.13,0.73,112.83,0.8,4.97,9.62,2.45
rome,IT,41.9028,12.4964,2026-07-21T15:00:00Z,3,98.85,0.02,0.16,82.33,0.43,22.82,63.07,0.03
berlin,DE,52.52,13.405,2026-07-21T17:00:00Z,2,86.83,0.19,1.7,84.19,0.66,1.32,1.72,2.62
london,GB,51.5074,-0.1278,2026-07-21T17:00:00Z,2,109.51,3.48,19.47,95.68,17.09,15.14,22.16,0.19
madrid,ES,40.4168,-3.7038,2026-07-21T17:00:00Z,2,72.45,0.03,0.26,98.86,0.14,8.75,40.6,1.38
paris,FR,48.8566,2.3522,2026-07-21T17:00:00Z,3,94.85,0.12,0.95,115.39,0.8,4.9,9.75,2.31
rome,IT,41.9028,12.4964,2026-07-21T17:00:00Z,3,99.74,0.01,0.26,83.17,0.51,23.55,65.77,0.03
berlin,DE,52.52,13.405,2026-07-21T19:00:00Z,2,94.17,0,5.7,60.47,0.89,1.65,2.37,10.07
london,GB,51.5061,-0.127,2026-07-21T19:00:00Z,2,110.21,0.09,22.39,99.19,13.83,16.53,24.17,0.27
madrid,ES,40.4168,-3.7038,2026-07-21T19:00:00Z,2,74.91,0,0.9,86.31,0.15,6.44,23.65,4.34
paris,FR,48.8566,2.3522,2026-07-21T19:00:00Z,3,99.14,0,2.39,105.12,1.02,5.16,10.36,3.06
rome,IT,41.9021,12.504,2026-07-21T19:00:00Z,3,100.12,0,0.4,84.02,0.51,22.08,62.1,0.11
berlin,DE,52.52,13.405,2026-07-21T21:00:00Z,1,97.92,0,7.49,53.84,1,1.8,2.68,13.96
london,GB,51.5074,-0.1278,2026-07-21T21:00:00Z,2,110.5,0,21.01,97.94,13.38,16.73,24.24,0.3
madrid,ES,40.4168,-3.7038,2026-07-21T21:00:00Z,2,75.99,0,1.16,80.17,0.15,5.96,19.96,5.71
paris,FR,48.8566,2.3522,2026-07-21T21:00:00Z,2,103.5,0,3.12,98.87,1.16,5.32,10.55,3.55
rome,IT,41.9028,12.4964,2026-07-21T21:00:00Z,3,99.82,0,0.41,84.89,0.52,21.05,59.76,0.17
london,GB,51.5074,-0.1278,2026-07-21T22:00:00Z,2,109.94,0,20.69,93.05,12.76,16.08,23.03,0.33
berlin,DE,52.52,13.405,2026-07-21T23:00:00Z,1,97.94,0,7.96,46.97,0.96,2.25,3.3,15.95
madrid,ES,40.4192,-3.7032,2026-07-21T23:00:00Z,2,76.06,0,1.33,72.59,0.14,5.41,16.23,8.3
paris,FR,48.8566,2.3522,2026-07-21T23:00:00Z,2,110.62,0,4.09,85.34,1.33,5.4,10.36,4.41
rome,IT,41.9028,12.4964,2026-07-21T23:00:00Z,3,98.93,0,0.46,87.42,0.62,18.42,53.25,0.32
berlin,DE,52.52,13.405,2026-07-22T03:00:00Z,1,92.54,0,3.92,47.77,0.75,2.13,3.68,4.4
london,GB,51.5074,-0.1278,2026-07-22T03:00:00Z,2,105.92,0,18.85,81.81,11.37,13.56,19.35,0.33
madrid,ES,40.4192,-3.7032,2026-07-22T03:00:00Z,2,76.49,0,1.26,65.7,0.12,5.2,14.22,12.41
paris,FR,48.8566,2.3522,2026-07-22T03:00:00Z,2,112.51,0,4.1,68.03,1.19,4.63,8.34,5.21
rome,IT,41.9028,12.4964,2026-07-22T03:00:00Z,2,98.97,0,0.43,89.11,0.79,15.69,45.53,0.56
berlin,DE,52.52,13.405,2026-07-22T06:00:00Z,1,95.29,0.63,4.21,56.23,1.69,2.27,4.94,4.02
london,GB,51.5074,-0.1278,2026-07-22T06:00:00Z,2,107.35,2,18.29,73.2,10.43,11.97,16.97,0.65
madrid,ES,40.4168,-3.7038,2026-07-22T06:00:00Z,1,77.61,0.11,2.87,49.85,0.09,5.1,13.13,11.39
paris,FR,48.8566,2.3522,2026-07-22T06:00:00Z,1,109.79,0.98,5.24,59.21,1.23,3.45,6.41,4.44
rome,IT,41.9028,12.4964,2026-07-22T06:00:00Z,2,100.84,0.07,0.8,86.06,0.97,15.27,41.67,1.29
berlin,DE,52.52,13.405,2026-07-22T09:00:00Z,2,93.5,0.45,3.76,63.02,1.53,1.93,3.97,3.76
london,GB,51.5074,-0.1278,2026-07-22T09:00:00Z,2,109.79,4.75,16.31,71.05,10.4,11.83,16.47,0.92
madrid,ES,40.4168,-3.7038,2026-07-22T09:00:00Z,1,76.34,0.32,2.07,54.9,0.09,4.83,11.98,9.34
paris,FR,48.8558,2.3494,2026-07-22T09:00:00Z,2,112.46,1.6,4.51,65.97,1.36,3.75,6.6,4.38
rome,IT,41.9,12.5,2026-07-22T09:00:00Z,2,101.05,0.08,0.56,92.34,0.92,14.18,37.19,2.01
berlin,DE,52.52,13.405,2026-07-22T11:00:00Z,2,89.33,0.18,1.47,75.86,0.78,1.1,2.12,2.06
london,GB,51.5074,-0.1278,2026-07-22T11:00:00Z,2,114.99,6.16,17.19,67.4,12.64,14.89,18.94,1
madrid,ES,40.4192,-3.7032,2026-07-22T11:00:00Z,3,74.6,0.04,0.27,101.93,0.23,4.59,19.05,2.11
paris,FR,48.8566,2.3522,2026-07-22T11:00:00Z,2,98.2,0.17,0.78,99.5,0.84,4.48,6.41,2.16
rome,IT,41.9028,12.4964,2026-07-22T11:00:00Z,3,104.69,0.05,0.32,106.98,0.7,10.86,24.91,2.69
berlin,DE,52.52,13.405,2026-07-22T14:00:00Z,2,89.59,0.18,1.49,76.61,0.65,0.9,1.42,1.76
london,GB,51.5074,-0.1278,2026-07-22T14:00:00Z,3,109.21,1.69,14.08,101.32,11.21,17.18,21.62,0.47
madrid,ES,40.4168,-3.7038,2026-07-22T14:00:00Z,3,76.36,0.03,0.2,101.12,0.14,13.18,64.36,1.15
paris,FR,48.8566,2.3522,2026-07-22T14:00:00Z,3,98.25,0.13,0.64,104.71,0.77,5.07,6.74,2.03
rome,IT,41.9028,12.4964,2026-07-22T14:00:00Z,3,102.16,0.04,0.28,102.84,0.68,15.97,37.65,1.54
berlin,DE,52.52,13.405,2026-07-22T16:00:00Z,2,90.87,0.2,1.79,78.07,0.6,0.83,1.07,1.73
london,GB,51.5074,-0.1278,2026-07-22T16:00:00Z,3,108.53,0.6,13.36,109.22,9.89,16.6,20.91,0.57
madrid,ES,40.4168,-3.7038,2026-07-22T16:00:00Z,3,76.18,0.03,0.23,100.86,0.13,12.85,62.42,1.18
paris,FR,48.8566,2.3522,2026-07-22T16:00:00Z,3,96.18,0.14,0.83,105.9,0.74,4.66,6.14,1.93
rome,IT,41.9028,12.4964,2026-07-22T16:00:00Z,3,107.54,0.03,0.33,109.77,0.63,13.51,30.23,2.11
berlin,DE,52.5201,13.4033,2026-07-22T18:00:00Z,2,95.27,0.09,2.15,80.31,0.62,0.78,0.95,1.98
london,GB,51.5074,-0.1278,2026-07-22T18:00:00Z,3,108.39,0.68,14.04,108.77,9.44,15.87,19.97,0.63
madrid,ES,40.4168,-3.7038,2026-07-22T18:00:00Z,3,77.36,0.03,0.32,100.5,0.14,11.19,52.46,1.67
paris,FR,48.8566,2.3522,2026-07-22T18:00:00Z,3,94.91,0.1,1.17,105.13,0.81,4.22,5.76,2.05
rome,IT,41.9028,12.4964,2026-07-22T18:00:00Z,3,120.42,0.01,0.48,115.53,0.52,11.6,23.88,2.54
berlin,DE,52.52,13.405,2026-07-22T20:00:00Z,2,101.09,0,2.78,76.31,0.76,0.85,1.08,3
london,GB,51.5085,-0.1257,2026-07-22T20:00:00Z,3,108.44,0.03,16.14,103.08,9.5,15.13,18.77,0.63
madrid,ES,40.4168,-3.7038,2026-07-22T20:00:00Z,2,78.59,0,0.78,89.31,0.15,9.6,39.1,3.66
paris,FR,48.8566,2.3522,2026-07-22T20:00:00Z,2,98.09,0,2.28,97.15,0.95,3.92,5.6,2.82
rome,IT,41.9028,12.4964,2026-07-22T20:00:00Z,3,132.78,0,0.47,118.54,0.47,11.02,21.46,2.75
berlin,DE,52.52,13.405,2026-07-22T22:00:00Z,2,102,0,2.89,68.53,0.76,0.95,1.25,3.25
london,GB,51.5074,-0.1278,2026-07-22T22:00:00Z,2,108.16,0,15.12,97.03,9.29,14.62,17.91,0.58
madrid,ES,40.4192,-3.7032,2026-07-22T22:00:00Z,2,78.38,0,1.07,78.82,0.14,8.27,30.31,5.35
paris,FR,48.8566,2.3522,2026-07-22T22:00:00Z,2,103.61,0,2.84,87.1,0.97,3.94,5.68,3.64
rome,IT,41.9028,12.4964,2026-07-22T22:00:00Z,3,139.78,0,0.4,119.36,0.48,10.8,20.84,2.86
paris,FR,48.8575,2.3514,2026-07-22T23:00:00Z,2,107.5,0,2.51,81.9,0.88,4.03,5.84,4.28
berlin,DE,52.52,13.405,2026-07-23T00:00:00Z,2,101.14,0,2.34,61.91,0.72,1.08,1.56,2.48
london,GB,51.5074,-0.1278,2026-07-23T00:00:00Z,2,108.08,0,14.5,94.36,9.4,14.73,18.01,0.5
madrid,ES,40.4168,-3.7038,2026-07-23T00:00:00Z,2,78.08,0,1.03,71.51,0.11,7.2,23.93,6.3
rome,IT,41.9028,12.4964,2026-07-23T00:00:00Z,3,145.75,0,0.36,122.81,0.55,11.3,22.02,2.76
berlin,DE,52.52,13.405,2026-07-23T04:00:00Z,1,108.39,0,1.95,58.43,0.81,1.51,3.34,1.86
london,GB,51.5074,-0.1278,2026-07-23T04:00:00Z,2,100.65,0,7.77,87.37,5.8,9.54,13.34,0.65
madrid,ES,40.4168,-3.7038,2026-07-23T04:00:00Z,1,75.76,0,1.18,59.58,0.07,4.86,13.32,7.77
paris,FR,48.8566,2.3522,2026-07-23T04:00:00Z,2,102.13,0,2.71,71.1,0.94,2.81,5.1,4.98
rome,IT,41.9028,12.4964,2026-07-23T04:00:00Z,3,142.31,0,0.32,127.86,0.61,10.41,19.81,2.23
berlin,DE,52.52,13.405,2026-07-23T07:00:00Z,2,105.71,0.21,2.76,61.83,0.91,1.48,4.07,2.07
london,GB,51.5074,-0.1278,2026-07-23T07:00:00Z,2,98.94,1.1,8.9,71.69,5.86,5.65,9.39,0.92
madrid,ES,40.4168,-3.7038,2026-07-23T07:00:00Z,1,74.9,0.37,1.9,52.52,0.07,3.29,7.35,7.22
paris,FR,48.8566,2.3522,2026-07-23T07:00:00Z,2,104.37,0.79,3.11,68.77,1.07,2.33,4.61,3.39
rome,IT,41.8984,12.5042,2026-07-23T07:00:00Z,3,132.45,0.03,0.4,126.73,0.65,8.62,16.43,2.07
berlin,DE,52.52,13.405,2026-07-23T10:00:00Z,2,102.1,0.29,1.99,67,0.83,1.19,3.01,2.02
london,GB,51.5074,-0.1278,2026-07-23T10:00:00Z,2,100.06,2.56,9.14,69.67,7.19,5.87,9.25,0.95
madrid,ES,40.4168,-3.7038,2026-07-23T10:00:00Z,2,78.93,0.07,0.42,99.1,0.34,3.93,11.36,2.44
paris,FR,48.8566,2.3522,2026-07-23T10:00:00Z,2,105.13,0.49,1.69,81,0.86,2.61,4.56,2.31
rome,IT,41.9028,12.4964,2026-07-23T10:00:00Z,3,127.08,0.03,0.26,126.21,0.64,8.22,15.37,1.91
berlin,DE,52.52,13.405,2026-07-23T12:00:00Z,2,99.54,0.21,1.48,72.79,0.82,1.19,3.11,2.2
london,GB,51.5074,-0.1278,2026-07-23T12:00:00Z,2,100.61,2.59,7.75,75.4,7.49,7.01,10.05,0.97
madrid,ES,40.4192,-3.7032,2026-07-23T12:00:00Z,3,80.61,0.05,0.3,102.68,0.36,5.03,15.77,1.81
paris,FR,48.8566,2.3522,2026-07-23T12:00:00Z,2,107.45,0.18,0.76,90.07,0.65,3.19,4.8,1.71
rome,IT,41.9028,12.4964,2026-07-23T12:00:00Z,3,126.91,0.03,0.22,124.62,0.57,8.59,15.46,1.86
berlin,DE,52.5201,13.4033,2026-07-23T15:00:00Z,2,96.55,0.11,1.1,78.49,0.5,0.8,1.41,1.53
london,GB,51.5074,-0.1278,2026-07-23T15:00:00Z,2,103.94,2.68,18.15,72.86,13.99,9.51,12.15,0.79
madrid,ES,40.4168,-3.7038,2026-07-23T15:00:00Z,2,72.31,0.03,0.17,91.26,0.1,7.36,29.94,0.67
paris,FR,48.8566,2.3522,2026-07-23T15:00:00Z,2,115.45,0.14,0.7,98.25,0.65,3.54,5.22,1.47
rome,IT,41.9028,12.4964,2026-07-23T15:00:00Z,3,130,0.03,0.27,123.26,0.46,10.36,18.94,1.69
berlin,DE,52.52,13.405,2026-07-23T17:00:00Z,2,97.78,0.18,1.92,78.84,0.7,1,1.94,2.57
london,GB,51.508,-0.126,2026-07-23T17:00:00Z,2,101.58,1.28,15.08,84.01,9.89,8.49,10.66,0.78
madrid,ES,40.416,-3.703,2026-07-23T17:00:00Z,2,70.46,0.03,0.21,91.72,0.07,7.03,29.92,0.82
paris,FR,48.8566,2.3522,2026-07-23T17:00:00Z,2,121.91,0.14,0.94,98.76,0.67,3.11,4.72,1.53
rome,IT,41.9,12.5,2026-07-23T17:00:00Z,3,130.2,0.02,0.36,119.87,0.48,10.97,21.07,1.67
berlin,DE,52.52,13.405,2026-07-23T19:00:00Z,2,98.34,0.02,2.79,73.31,0.86,1.27,2.86,3.52
london,GB,51.5074,-0.1278,2026-07-23T19:00:00Z,2,102.43,0.48,19.7,80.84,10.36,8.79,10.82,0.72
madrid,ES,40.4168,-3.7038,2026-07-23T19:00:00Z,2,69.01,0.01,0.4,92.38,0.08,5.1,20.52,1.82
paris,FR,48.8575,2.3514,2026-07-23T19:00:00Z,2,127.59,0.06,1.65,92.57,0.75,2.65,4.27,1.9
rome,IT,41.9,12.5,2026-07-23T19:00:00Z,3,131.91,0,0.45,117.72,0.5,11.73,23.02,1.7
berlin,DE,52.5201,13.4033,2026-07-23T21:00:00Z,2,99.15,0,3.45,66.88,0.98,1.51,3.77,4.87
london,GB,51.5149,-0.1318,2026-07-23T21:00:00Z,2,103.81,0,22.76,72.5,11.41,9.06,10.99,0.65
madrid,ES,40.4167,-3.7036,2026-07-23T21:00:00Z,2,69.49,0,0.77,86.78,0.08,3.25,10.61,4.02
paris,FR,48.8566,2.3522,2026-07-23T21:00:00Z,2,134.35,0,2.75,80.88,0.86,2.37,4.03,2.82
rome,IT,41.9028,12.4964,2026-07-23T21:00:00Z,3,132.19,0,0.38,115.18,0.56,12.9,26.91,1.63
paris,FR,48.8566,2.3522,2026-07-23T22:00:00Z,2,135.51,0,3.07,69.92,0.8,2.2,3.82,3.86
berlin,DE,52.52,13.405,2026-07-23T23:00:00Z,2,97.3,0,3.33,64.55,0.93,1.66,4.29,5.11
london,GB,51.5085,-0.1257,2026-07-23T23:00:00Z,2,104.99,0,25.62,64.14,12.8,9.35,11.24,0.59
madrid,ES,40.4168,-3.7038,2026-07-23T23:00:00Z,2,69.69,0,0.96,79.34,0.08,2.55,7,5.49
rome,IT,41.9028,12.4964,2026-07-23T23:00:00Z,3,122.11,0,0.36,117.79,0.6,11.94,25.93,1.68
berlin,DE,52.52,13.405,2026-07-24T03:00:00Z,1,95.51,0,2.95,57.54,0.75,1.81,4.76,2.93
london,GB,51.5074,-0.1278,2026-07-24T03:00:00Z,2,106.36,0,29.33,54.68,14.27,10.64,12.58,0.5
madrid,ES,40.4168,-3.7038,2026-07-24T03:00:00Z,2,73.22,0,1.05,69.28,0.1,2.29,5.43,6.63
paris,FR,48.8566,2.3522,2026-07-24T03:00:00Z,1,137.18,0,3.49,56.51,0.76,2.22,4.03,5.43
rome,IT,41.9028,12.4964,2026-07-24T03:00:00Z,3,126.48,0,0.39,125.77,0.69,9.39,17.31,1.78
berlin,DE,52.52,13.405,2026-07-24T06:00:00Z,2,97.03,0.57,4.01,61.06,1.48,2.08,5.99,3.19
london,GB,51.5074,-0.1278,2026-07-24T06:00:00Z,2,108.88,3.14,31.06,51.31,15.5,13.21,15.11,0.32
madrid,ES,40.4168,-3.7038,2026-07-24T06:00:00Z,2,77.08,0.14,2.06,62.88,0.2,3.13,7.24,6.63
paris,FR,48.8566,2.3522,2026-07-24T06:00:00Z,1,137.15,0.75,5.05,54.72,1.03,2.29,4.09,5.1
rome,IT,41.9028,12.4964,2026-07-24T06:00:00Z,3,110.77,0.07,0.79,118.26,0.73,5.24,9.55,3.34
berlin,DE,52.52,13.405,2026-07-24T09:00:00Z,2,95.58,0.57,3.56,69.54,1.71,2.16,6.06,3.59
london,GB,51.5074,-0.1278,2026-07-24T09:00:00Z,2,110.79,8.88,27.78,54.47,18.61,14.33,16.17,0.32
madrid,ES,40.4192,-3.7032,2026-07-24T09:00:00Z,2,77.49,0.23,1.13,73.05,0.26,3.68,8.36,5.49
paris,FR,48.8566,2.3522,2026-07-24T09:00:00Z,2,136.69,1.37,4.06,63,1.13,2.95,4.83,5.07
rome,IT,41.9028,12.4964,2026-07-24T09:00:00Z,3,108.1,0.08,0.67,124.44,0.67,4.03,6.84,3.59
berlin,DE,52.52,13.405,2026-07-24T11:00:00Z,2,91.46,0.27,1.23,93.45,1.2,2.1,4.68,2.85
london,GB,51.5074,-0.1278,2026-07-24T11:00:00Z,2,113.09,10.86,25.02,58.68,21.77,14.99,16.88,0.33
madrid,ES,40.4167,-3.7033,2026-07-24T11:00:00Z,3,74.74,0.05,0.24,100.4,0.19,2.5,5.12,1.67
paris,FR,48.8566,2.3522,2026-07-24T11:00:00Z,2,122.74,0.16,0.72,97.71,0.54,3.25,4.4,2.22
rome,IT,41.9028,12.4964,2026-07-24T11:00:00Z,3,106.69,0.06,0.46,134.13,0.68,4.95,7.73,2.98
berlin,DE,52.52,13.405,2026-07-24T13:00:00Z,3,90.45,0.17,0.84,106.78,1.1,2.91,5.39,3.06
london,GB,51.508,-0.126,2026-07-24T13:00:00Z,2,115.69,7.81,20.87,64.89,18.07,14.06,16.24,0.5
madrid,ES,40.4168,-3.7038,2026-07-24T13:00:00Z,3,73.63,0.07,0.33,106.89,0.09,2.46,3.71,1
paris,FR,48.8565,2.3461,2026-07-24T13:00:00Z,3,121.47,0.13,0.67,106.04,0.45,3.49,4.6,2.13
rome,IT,41.9021,12.504,2026-07-24T13:00:00Z,3,102.36,0.05,0.38,133.37,0.59,4.52,6.68,2.63
berlin,DE,52.52,13.405,2026-07-24T15:00:00Z,3,91.45,0.23,1.59,107.29,1.11,3.06,5.58,3.59
london,GB,51.5074,-0.1278,2026-07-24T15:00:00Z,2,116.16,5.9,18.69,72.47,15.87,13.49,15.69,0.45
madrid,ES,40.4168,-3.7038,2026-07-24T15:00:00Z,3,73.49,0.07,0.38,108.96,0.09,2.46,3.46,0.96
paris,FR,48.8566,2.3522,2026-07-24T15:00:00Z,3,120.12,0.13,0.84,110.18,0.43,3.4,4.47,2.19
rome,IT,41.9028,12.4964,2026-07-24T15:00:00Z,3,96.85,0.04,0.41,129.7,0.48,3.14,5.05,1.75
berlin,DE,52.52,13.405,2026-07-24T17:00:00Z,2,94.86,0.11,3.74,98.46,1.32,3.18,5.88,5.41
london,GB,51.5073,-0.1276,2026-07-24T17:00:00Z,2,117.06,1.97,17.09,89.78,10.62,11.08,13.41,0.64
madrid,ES,40.4168,-3.7038,2026-07-24T17:00:00Z,3,74.81,0.04,0.43,107.73,0.09,2.19,3.3,1.19
paris,FR,48.8575,2.3514,2026-07-24T17:00:00Z,3,118.79,0.09,1.14,110.59,0.46,3.41,4.54,2.5
rome,IT,41.9028,12.4964,2026-07-24T17:00:00Z,3,95.95,0.02,0.56,123.59,0.43,2.45,4.76,1.29
berlin,DE,52.52,13.405,2026-07-24T19:00:00Z,2,102.98,0,7.6,72.88,1.25,3.5,6.42,11.96
london,GB,51.5085,-0.1257,2026-07-24T19:00:00Z,2,116.2,0.06,19.5,89.29,9.16,10.71,13.32,0.68
madrid,ES,40.4168,-3.7038,2026-07-24T19:00:00Z,3,75.86,0,0.5,103.69,0.1,1.73,3.02,1.77
paris,FR,48.8566,2.3522,2026-07-24T19:00:00Z,3,121.28,0,2.15,102.34,0.59,3.46,4.75,3.31
rome,IT,41.9028,12.4964,2026-07-24T19:00:00Z,3,95.95,0,0.62,120.14,0.44,2.16,4.63,1.19
berlin,DE,52.52,13.405,2026-07-24T21:00:00Z,2,106.61,0,9.24,62.55,1.21,3.75,6.77,15.65
london,GB,51.5074,-0.1278,2026-07-24T21:00:00Z,2,115.07,0,16.95,90.88,8.17,10.83,13.67,0.68
madrid,ES,40.4168,-3.7038,2026-07-24T21:00:00Z,3,78.29,0,0.54,102.24,0.12,1.81,3.25,2.05
paris,FR,48.8566,2.3522,2026-07-24T21:00:00Z,2,124.19,0,2.81,96.94,0.72,3.58,4.99,3.79
rome,IT,41.9028,12.4964,2026-07-24T21:00:00Z,3,95.89,0,0.65,119.43,0.46,2.05,4.38,1.19
paris,FR,48.8566,2.3522,2026-07-24T22:00:00Z,2,126.23,0,3.51,84.67,0.93,3.77,5.38,4.48
berlin,DE,52.52,13.405,2026-07-24T23:00:00Z,1,105.59,0,9.06,47.15,0.85,4.22,7.29,17.18
london,GB,51.5074,-0.1278,2026-07-24T23:00:00Z,2,112.85,0,13.58,94.17,6.78,12.02,15.14,0.85
madrid,ES,40.4168,-3.7038,2026-07-24T23:00:00Z,2,80.88,0,0.52,98.92,0.17,2.09,3.85,2.38
rome,IT,41.9028,12.4964,2026-07-24T23:00:00Z,3,96.28,0,0.73,117.56,0.54,2.07,4.86,1.19
berlin,DE,52.52,13.405,2026-07-25T03:00:00Z,1,100.21,0,6.9,27.57,0.32,4.92,7.58,5.54
london,GB,51.5074,-0.1278,2026-07-25T03:00:00Z,2,112.84,0,15.44,62.74,6.83,6.52,7.96,2.77
madrid,ES,40.4168,-3.7038,2026-07-25T03:00:00Z,2,86.4,0,0.56,87.02,0.18,2.47,4.65,3.45
paris,FR,48.8566,2.3522,2026-07-25T03:00:00Z,2,124.62,0,3.24,68.34,0.76,4.47,6.19,5.65
rome,IT,41.9028,12.4964,2026-07-25T03:00:00Z,3,100.01,0,0.65,115.07,0.55,2.47,4.74,1.39
berlin,DE,52.52,13.405,2026-07-25T06:00:00Z,1,101.54,2.23,5.63,27.5,0.63,4.79,7.22,7.06
london,GB,51.5074,-0.1278,2026-07-25T06:00:00Z,1,112.6,0.75,19.32,44.61,8.35,4.5,5.67,3.42
madrid,ES,40.4192,-3.7032,2026-07-25T06:00:00Z,2,87.13,0,0.87,75.59,0.14,2.3,4.81,3.35
paris,FR,48.8566,2.3522,2026-07-25T06:00:00Z,2,124.45,0.07,4.67,60.68,0.7,5.17,7.02,5.78
rome,IT,41.9028,12.4964,2026-07-25T06:00:00Z,3,100.38,0.02,0.76,114.32,0.61,2.51,5.3,1.3
paris,FR,48.8558,2.3494,2026-07-25T08:00:00Z,2,125.6,1.04,4.33,67.1,0.93,6.13,8.25,5.43
berlin,DE,52.52,13.405,2026-07-25T09:00:00Z,2,99.97,1.72,4.12,60.44,1.38,5.33,7.59,8.24
london,GB,51.5074,-0.1278,2026-07-25T09:00:00Z,1,111.13,6.03,13.92,45.92,9.48,4.82,6.38,3.26
madrid,ES,40.4168,-3.7038,2026-07-25T09:00:00Z,2,83.05,0.11,0.52,71.66,0.13,2.03,4.75,2.85
rome,IT,41.9028,12.4964,2026-07-25T09:00:00Z,3,99.01,0.06,0.43,114.71,0.55,2.75,6.36,1.12
berlin,DE,52.52,13.405,2026-07-25T11:00:00Z,3,93.91,0.17,0.87,114.14,1.21,4.68,7.21,4.17
london,GB,51.5074,-0.1278,2026-07-25T11:00:00Z,1,107.7,4.86,11.09,59.04,8.57,5.56,7.96,2.34
madrid,ES,40.4167,-3.7036,2026-07-25T11:00:00Z,2,98.72,0.06,0.29,89.19,0.11,2.79,4.28,1.4
paris,FR,48.8566,2.3522,2026-07-25T11:00:00Z,3,112.48,0.16,1.01,104.82,0.61,5.72,7.13,2.78
rome,IT,41.8964,12.5024,2026-07-25T11:00:00Z,3,98.74,0.03,0.22,118.32,0.44,3.09,6.65,1.19
berlin,DE,52.52,13.405,2026-07-25T13:00:00Z,3,98.58,0.13,0.82,124.03,0.98,4.76,6.74,3.75
london,GB,51.5074,-0.1278,2026-07-25T13:00:00Z,2,96.12,1.41,5.12,91.61,5.39,7.18,12.67,1.15
madrid,ES,40.4168,-3.7038,2026-07-25T13:00:00Z,3,145.27,0.23,1.98,121.06,0.2,10.64,11.43,1.86
paris,FR,48.8566,2.3515,2026-07-25T13:00:00Z,3,128.21,0.1,0.76,120.31,0.47,9.51,10.59,2.44
rome,IT,41.9028,12.4964,2026-07-25T13:00:00Z,3,99.39,0.02,0.15,115.09,0.36,4.13,8.92,1.38
berlin,DE,52.52,13.405,2026-07-25T15:00:00Z,3,99.44,0.13,0.94,125.31,0.95,4.81,6.67,3.73
london,GB,51.5074,-0.1278,2026-07-25T15:00:00Z,2,92.7,1.11,4.43,93.86,4.78,7.36,13.84,0.99
madrid,ES,40.4167,-3.7036,2026-07-25T15:00:00Z,3,163.93,0.29,2.85,127.98,0.25,14.06,14.76,2.09
paris,FR,48.8566,2.3522,2026-07-25T15:00:00Z,3,132.2,0.09,0.84,121.7,0.43,10.59,11.59,2.44
rome,IT,41.9028,12.4964,2026-07-25T15:00:00Z,3,99.88,0.02,0.14,114.35,0.34,4.34,9.14,1.43
berlin,DE,52.5201,13.4033,2026-07-25T17:00:00Z,3,105.84,0.48,4.48,103.7,1.07,5.42,7.32,7.72
london,GB,51.5074,-0.1278,2026-07-25T17:00:00Z,2,92.29,0.8,4.35,88.93,3.96,6.01,12.66,0.78
madrid,ES,40.4168,-3.7038,2026-07-25T17:00:00Z,3,281.32,0.27,5.81,138.98,0.46,32.51,33.09,3.85
paris,FR,48.8566,2.3522,2026-07-25T17:00:00Z,3,133.6,0.06,1.03,122.95,0.42,11.15,12,2.51
rome,IT,41.9028,12.4964,2026-07-25T17:00:00Z,3,101.18,0.01,0.19,114.38,0.35,4.69,10.1,1.42
berlin,DE,52.52,13.405,2026-07-25T19:00:00Z,2,110.14,0.05,7.54,79.95,1.13,5.79,7.86,11.35
london,GB,51.5074,-0.1278,2026-07-25T19:00:00Z,2,92.22,0.15,5.3,74.42,3.23,3.2,7.02,0.67
madrid,ES,40.4168,-3.7038,2026-07-25T19:00:00Z,4,440.74,0.04,8.29,122.61,0.73,55.51,56.02,6.36
paris,FR,48.8566,2.3522,2026-07-25T19:00:00Z,3,121.31,0.01,1.16,118.25,0.48,9.65,10.45,2.81
rome,IT,41.9028,12.4964,2026-07-25T19:00:00Z,3,102.19,0,0.24,115.84,0.39,5.06,11.62,1.37
berlin,DE,52.52,13.405,2026-07-25T20:00:00Z,2,114.25,0,8.27,63.17,0.97,6.3,8.56,14.35
london,GB,51.5074,-0.1278,2026-07-25T20:00:00Z,2,86.97,0,4.77,62.53,2.74,1.93,4.52,0.75
madrid,ES,40.4168,-3.7038,2026-07-25T20:00:00Z,4,585.78,0,7.86,100.76,0.98,67.96,68.45,8.26
paris,FR,48.8558,2.3494,2026-07-25T20:00:00Z,3,107.52,0,1.29,108.79,0.62,7.91,8.75,3.78
rome,IT,41.9028,12.4964,2026-07-25T20:00:00Z,3,104.31,0,0.21,116.61,0.43,5.62,13.61,1.35
madrid,ES,40.4167,-3.7036,2026-07-25T21:00:00Z,4,586.4,0,7.57,92.94,0.99,66.03,66.51,7.95
paris,FR,48.8566,2.3522,2026-07-25T21:00:00Z,3,100.96,0,1.27,101.18,0.68,6.86,7.74,4.24
berlin,DE,52.52,13.405,2026-07-25T22:00:00Z,1,113.1,0,8.06,56.83,0.8,6.44,8.73,15.22
london,GB,51.5074,-0.1278,2026-07-25T22:00:00Z,1,86.06,0,3.71,57.79,2.14,1.92,4.52,0.75
rome,IT,41.9028,12.4964,2026-07-25T22:00:00Z,3,106.68,0,0.22,115.71,0.5,6.61,15.91,1.23
paris,FR,48.8566,2.3522,2026-07-25T23:00:00Z,2,94.33,0,1.11,88.62,0.7,5.34,6.64,5.09
berlin,DE,52.52,13.405,2026-07-26T00:00:00Z,1,112.78,0,6.81,46.23,0.51,6.93,9.32,14.56
london,GB,51.5074,-0.1278,2026-07-26T00:00:00Z,1,86.77,0,3.39,51.35,1.99,2.12,5.02,0.61
madrid,ES,40.4168,-3.7038,2026-07-26T00:00:00Z,4,547.57,0,6.24,88.12,0.79,57.81,58.28,7.24
rome,IT,41.9028,12.4964,2026-07-26T00:00:00Z,3,111.84,0,0.26,113.22,0.84,11.44,25.13,0.71
berlin,DE,52.52,13.405,2026-07-26T04:00:00Z,1,111.89,0.24,5.92,31.13,0.41,7.94,10.35,8
london,GB,51.5085,-0.1257,2026-07-26T04:00:00Z,1,87.18,0,3.05,46.98,1.79,2.15,4.72,0.41
madrid,ES,40.4168,-3.7038,2026-07-26T04:00:00Z,3,389.76,0,4.27,77.17,0.33,35.99,36.71,6.45
paris,FR,48.8566,2.3522,2026-07-26T04:00:00Z,1,87.4,0,1.2,58.51,0.39,3.87,8,2.81
rome,IT,41.8984,12.5042,2026-07-26T04:00:00Z,3,115.89,0,0.22,108.71,1.14,20.41,40.82,0.08
berlin,DE,52.52,13.405,2026-07-26T07:00:00Z,2,123.87,1.35,4.94,65.35,1.47,8.73,11.15,9.22
london,GB,51.5074,-0.1278,2026-07-26T07:00:00Z,1,87.58,0.49,3.32,40.39,2.09,3.06,5.58,0.22
madrid,ES,40.4168,-3.7038,2026-07-26T07:00:00Z,2,241.58,0.37,3.92,79.14,0.18,15.54,16.44,5.54
paris,FR,48.8566,2.3522,2026-07-26T07:00:00Z,1,86.22,0.21,1.45,51.52,0.45,3.11,7.21,2.35
rome,IT,41.9028,12.4964,2026-07-26T07:00:00Z,3,122.96,0.02,0.28,103.67,0.93,26.58,53.15,0.01
paris,FR,48.8566,2.3522,2026-07-26T09:00:00Z,1,85.21,0.16,1.19,51.94,0.38,2.8,6.15,3.15
berlin,DE,52.52,13.405,2026-07-26T10:00:00Z,3,135.93,0.2,1.7,131.68,2.46,10.2,12.02,4.25
london,GB,51.5085,-0.1257,2026-07-26T10:00:00Z,1,91.04,0.93,2.47,43.92,2.18,3.22,5.36,0.25
madrid,ES,40.4168,-3.7038,2026-07-26T10:00:00Z,3,341.31,0.41,3.43,131.12,0.64,35.86,36.61,4.39
rome,IT,41.9028,12.4964,2026-07-26T10:00:00Z,3,124.06,0.02,0.21,104.47,0.75,23.81,50.18,0.18
berlin,DE,52.52,13.405,2026-07-26T12:00:00Z,3,128.86,0.1,1.18,134.18,1.87,9.3,10.62,3.16
london,GB,51.508,-0.126,2026-07-26T12:00:00Z,1,101.48,0.58,1.7,55.99,1.83,3.03,5.59,0.39
madrid,ES,40.4167,-3.7036,2026-07-26T12:00:00Z,5,426.77,0.26,2.8,186.29,0.75,49.26,50.04,5.07
paris,FR,48.8558,2.3494,2026-07-26T12:00:00Z,1,83.6,0.12,0.79,52.56,0.36,2.74,5.57,3.53
rome,IT,41.9028,12.4964,2026-07-26T12:00:00Z,3,117.25,0.02,0.21,102.68,0.59,18.11,42.03,0.6
berlin,DE,52.52,13.405,2026-07-26T14:00:00Z,3,114.39,0.03,1.49,124.71,1.44,7.82,8.72,2.87
london,GB,51.5085,-0.1257,2026-07-26T14:00:00Z,2,114.15,0.53,2.02,79.32,2.31,2.51,5.63,0.76
madrid,ES,40.4192,-3.7032,2026-07-26T14:00:00Z,5,626.76,0.17,8.21,258.35,1.83,98.23,98.99,5.36
paris,FR,48.8566,2.3522,2026-07-26T14:00:00Z,1,83.9,0.07,0.66,55.4,0.27,1.68,2.61,1.62
rome,IT,41.9028,12.4964,2026-07-26T14:00:00Z,3,125.56,0.02,0.41,104.25,0.48,11.05,22.53,0.92
berlin,DE,52.52,13.405,2026-07-26T16:00:00Z,3,110.7,0.06,1.96,120.16,1.44,7.13,7.82,3.09
london,GB,51.508,-0.126,2026-07-26T16:00:00Z,2,115.4,0.52,2.26,80.86,2.35,2.23,5.02,0.78
madrid,ES,40.4167,-3.7036,2026-07-26T16:00:00Z,5,744.49,0.11,12.27,274.23,2.29,122.02,122.77,6.31
paris,FR,48.8566,2.3522,2026-07-26T16:00:00Z,1,84.12,0.07,0.73,55.75,0.24,1.54,2.22,1.54
rome,IT,41.9028,12.4964,2026-07-26T16:00:00Z,3,136.6,0.02,0.54,108.15,0.48,10.62,20.27,0.93
berlin,DE,52.52,13.405,2026-07-26T18:00:00Z,3,109.97,0.05,3.16,105.51,1.25,5.42,5.84,4.03
london,GB,51.5074,-0.1278,2026-07-26T18:00:00Z,2,117.35,0.38,3,79.06,2.23,1.64,3.73,0.8
madrid,ES,40.4192,-3.7032,2026-07-26T18:00:00Z,5,945.16,0.02,13.46,266.34,2.97,162.8,163.57,7.91
paris,FR,48.8558,2.3494,2026-07-26T18:00:00Z,1,84.85,0.06,0.76,54.28,0.2,1.45,1.94,1.75
rome,IT,41.8992,12.501,2026-07-26T18:00:00Z,3,168.87,0.01,0.93,119.97,0.55,10.63,20.86,0.83
berlin,DE,52.52,13.405,2026-07-26T20:00:00Z,2,110.12,0,3.74,87.35,1.02,4.28,4.67,5.19
london,GB,51.5074,-0.1278,2026-07-26T20:00:00Z,2,118.22,0.02,3.73,68.27,2.05,1.42,2.99,0.93
madrid,ES,40.4242,-3.7024,2026-07-26T20:00:00Z,5,1215.66,0,12.33,220.39,3.69,223.24,224.1,9.42
paris,FR,48.8566,2.3522,2026-07-26T20:00:00Z,1,90.82,0,0.93,55.2,0.24,1.78,2.73,2.36
rome,IT,41.9028,12.4964,2026-07-26T20:00:00Z,3,222.16,0,0.96,137.67,0.54,10.84,21.16,0.81
berlin,DE,52.52,13.405,2026-07-26T22:00:00Z,2,105.58,0,3.73,69.88,0.77,2.82,3.17,4.29
london,GB,51.5074,-0.1278,2026-07-26T22:00:00Z,1,113.94,0,3.77,56.84,1.91,1.4,2.71,1.07
madrid,ES,40.4168,-3.7038,2026-07-26T22:00:00Z,5,1374.67,0,9.98,170.39,3.52,261.42,262.39,9.92
paris,FR,48.8566,2.3522,2026-07-26T22:00:00Z,2,101.85,0,0.95,60.93,0.39,2.36,4.98,2.95
rome,IT,41.9028,12.4964,2026-07-26T22:00:00Z,4,273.53,0,0.84,150.48,0.48,10.77,20.11,0.88
london,GB,51.5074,-0.1278,2026-07-26T23:00:00Z,1,110.46,0,3.84,51.53,1.86,1.46,2.64,1.2
berlin,DE,52.52,13.405,2026-07-27T00:00:00Z,1,98.04,0,2.73,53.83,0.56,1.12,1.29,1.53
madrid,ES,40.4167,-3.7036,2026-07-27T00:00:00Z,5,1453.67,0,8.9,131.6,3.11,280.03,281.1,10.35
paris,FR,48.8566,2.3522,2026-07-27T00:00:00Z,2,110.66,0,0.85,65.52,0.47,2.42,5.58,3.17
rome,IT,41.9028,12.4964,2026-07-27T00:00:00Z,4,320.7,0,0.8,155.68,0.48,10.92,21.62,0.91
berlin,DE,52.52,13.405,2026-07-27T04:00:00Z,1,104.44,0.07,3.51,45.54,0.69,1.61,2.18,1.26
london,GB,51.5074,-0.1278,2026-07-27T04:00:00Z,1,112.33,0,4.32,50.29,2.09,1.74,3.14,1.31
madrid,ES,40.4167,-3.7036,2026-07-27T04:00:00Z,5,1008.39,0,6.8,73.33,1.33,188.91,190.31,11.04
paris,FR,48.8566,2.3522,2026-07-27T04:00:00Z,1,111.75,0,1.25,55.28,0.42,2.1,5.2,3.14
rome,IT,41.9028,12.4964,2026-07-27T04:00:00Z,3,355.98,0,0.76,136.67,0.54,10.44,25.66,1
berlin,DE,52.52,13.405,2026-07-27T08:00:00Z,2,106.92,0.51,1.79,61.06,0.68,1.43,2.14,1.52
london,GB,51.5074,-0.1278,2026-07-27T08:00:00Z,1,116.56,1.27,3.64,56.62,2.82,1.98,3.86,1.19
madrid,ES,40.4167,-3.7036,2026-07-27T08:00:00Z,4,401.11,0.19,6.48,52.6,0.41,66.03,67.43,8.43
paris,FR,48.8566,2.3522,2026-07-27T08:00:00Z,1,103.96,0.49,1.51,49.54,0.59,2.38,5.45,3.23
rome,IT,41.9028,12.4964,2026-07-27T08:00:00Z,3,243.43,0.06,0.62,120.62,0.53,9.15,21.36,1.34
berlin,DE,52.52,13.405,2026-07-27T12:00:00Z,2,107.89,0.16,0.67,77.13,0.41,0.99,1.33,1.06
london,GB,51.5085,-0.1257,2026-07-27T12:00:00Z,2,116.11,0.68,2.22,76.15,2.62,2.78,5.36,1.21
madrid,ES,40.4192,-3.7032,2026-07-27T12:00:00Z,5,696.94,0.21,7.35,140.11,2.75,129.7,130.54,6.7
paris,FR,48.8566,2.3522,2026-07-27T12:00:00Z,2,103.64,0.13,0.57,68.57,0.51,2.03,3.8,1.69
rome,IT,41.9028,12.4964,2026-07-27T12:00:00Z,3,218.26,0.05,0.42,117.93,0.51,9.18,21.6,1.43
berlin,DE,52.52,13.405,2026-07-27T15:00:00Z,2,108.37,0.16,1.08,81.69,0.46,0.77,1.07,1.51
london,GB,51.5074,-0.1278,2026-07-27T15:00:00Z,2,111.01,1.31,4.66,74.64,4.83,3.84,9.14,0.94
madrid,ES,40.4168,-3.7038,2026-07-27T15:00:00Z,4,195.18,0.18,2.12,165.71,0.48,24.29,25.11,2.47
paris,FR,48.8575,2.3514,2026-07-27T15:00:00Z,2,105.78,0.12,0.58,80.44,0.38,2.19,3.68,1.89
rome,IT,41.9028,12.4964,2026-07-27T15:00:00Z,3,248.97,0.04,0.45,137.63,0.37,9.82,18.76,1.29
berlin,DE,52.52,13.405,2026-07-27T17:00:00Z,2,109,0.08,2.03,77.08,0.68,0.91,1.28,2.45
london,GB,51.5074,-0.1278,2026-07-27T17:00:00Z,2,108.74,0.8,5.21,73.47,4.23,3.52,8.53,0.74
madrid,ES,40.4168,-3.7038,2026-07-27T17:00:00Z,4,175.49,0.11,3.06,168.63,0.42,21.06,21.92,2.65
paris,FR,48.8566,2.3522,2026-07-27T17:00:00Z,2,105.84,0.08,0.74,81.7,0.39,2.28,3.79,2.17
rome,IT,41.9028,12.4964,2026-07-27T17:00:00Z,3,245.35,0.01,0.63,138.13,0.38,9.81,18.52,1.28
berlin,DE,52.52,13.405,2026-07-27T19:00:00Z,2,110.51,0,3.02,69.51,0.83,1.03,1.42,3.8
london,GB,51.5073,-0.1276,2026-07-27T19:00:00Z,2,106.8,0.05,8.84,61.51,4.86,3.41,8.07,0.56
madrid,ES,40.416,-3.703,2026-07-27T19:00:00Z,4,167.65,0,4.43,146.38,0.4,20.12,21.15,5.55
paris,FR,48.8566,2.3522,2026-07-27T19:00:00Z,2,108.6,0,2.19,66.39,0.39,2.45,4.05,4.37
rome,IT,41.9028,12.4964,2026-07-27T19:00:00Z,3,241.37,0,0.56,137.67,0.42,10.65,20.5,1.3
berlin,DE,52.52,13.405,2026-07-27T21:00:00Z,2,111.79,0,3.43,66.22,0.85,1.14,1.54,3.87
london,GB,51.5074,-0.1278,2026-07-27T21:00:00Z,1,105.88,0,10.3,55.44,5.33,3.51,8.07,0.5
madrid,ES,40.4168,-3.7038,2026-07-27T21:00:00Z,3,168.75,0,4.24,135.78,0.4,20.38,21.52,7.21
paris,FR,48.8566,2.3522,2026-07-27T21:00:00Z,1,110.34,0,2.85,59.45,0.39,2.57,4.24,5.4
rome,IT,41.9028,12.4964,2026-07-27T21:00:00Z,3,238.7,0,0.52,137.01,0.46,11.82,22.93,1.33
london,GB,51.5074,-0.1278,2026-07-27T22:00:00Z,1,104.24,0,13.35,44.12,6.14,3.68,7.86,0.51
berlin,DE,52.52,13.405,2026-07-27T23:00:00Z,1,110.75,0,3.89,56.35,0.7,1.43,1.97,3.15
madrid,ES,40.4168,-3.7038,2026-07-27T23:00:00Z,3,161.68,0,3.5,112.54,0.34,18.71,20.1,9.44
paris,FR,48.8566,2.3522,2026-07-27T23:00:00Z,1,111.12,0,3.03,53.11,0.43,2.82,4.7,6.17
rome,IT,41.9028,12.4964,2026-07-27T23:00:00Z,3,234.85,0,0.49,134.1,0.54,15.5,29.23,1.37
berlin,DE,52.52,13.405,2026-07-28T02:00:00Z,1,111.17,0,3.75,38.79,0.47,2.15,3.07,2.65
london,GB,51.5074,-0.1278,2026-07-28T02:00:00Z,1,103.96,0.01,19.29,25.62,7.93,3.76,6.67,0.81
madrid,ES,40.4168,-3.7038,2026-07-28T02:00:00Z,2,151.59,0,2.5,76.05,0.21,16,17.78,9.81
paris,FR,48.8566,2.3522,2026-07-28T02:00:00Z,1,120.46,0,2.94,56.79,0.97,3.92,7.38,4.67
rome,IT,41.9028,12.4964,2026-07-28T02:00:00Z,3,227.56,0,0.49,123.86,0.66,19.86,36.01,1.21
berlin,DE,52.52,13.405,2026-07-28T05:00:00Z,1,117.01,0.55,5.43,33.49,0.79,2.61,3.6,2.58
london,GB,51.5085,-0.1257,2026-07-28T05:00:00Z,1,105.85,2.27,23.58,19.02,10.56,5.31,8.71,0.55
madrid,ES,40.4192,-3.7032,2026-07-28T05:00:00Z,2,160.07,0,3.46,63.89,0.15,15.98,18.46,10.95
paris,FR,48.8566,2.3522,2026-07-28T05:00:00Z,1,131.73,0.29,5.86,51.2,1.24,4.68,8.87,4.66
rome,IT,41.9028,12.4964,2026-07-28T05:00:00Z,3,225.11,0.01,0.61,120.27,0.74,17.63,32.54,1.16
berlin,DE,52.52,13.405,2026-07-28T08:00:00Z,2,108.17,0.37,1.58,75.33,0.87,1.83,2.7,2.1
london,GB,51.5074,-0.1278,2026-07-28T08:00:00Z,1,108.16,12.7,17.24,27.49,13.95,8.16,12.81,0.42
madrid,ES,40.4168,-3.7038,2026-07-28T08:00:00Z,2,170.92,0.49,2.82,75.6,0.13,15.58,18.83,9.63
paris,FR,48.8566,2.3522,2026-07-28T08:00:00Z,2,126.8,0.95,3.18,66.42,0.94,4.94,8.03,5
rome,IT,41.9028,12.4964,2026-07-28T08:00:00Z,3,235.44,0.06,0.51,127.67,0.88,14.91,28.24,1.29
berlin,DE,52.52,13.405,2026-07-28T11:00:00Z,2,105.1,0.17,0.91,87.05,0.79,1.85,2.77,1.86
london,GB,51.5074,-0.1278,2026-07-28T11:00:00Z,2,109.85,14.37,17.62,31.28,16.61,10.65,17.14,0.45
madrid,ES,40.4168,-3.7038,2026-07-28T11:00:00Z,4,171.11,0.08,0.62,147.03,0.52,16.58,20.86,2.97
paris,FR,48.8566,2.3522,2026-07-28T11:00:00Z,3,119.73,0.15,0.74,100.07,0.75,5.14,7.19,2.84
rome,IT,41.9028,12.4964,2026-07-28T11:00:00Z,3,244.65,0.05,0.39,135.24,0.88,14.01,26.69,1.45
berlin,DE,52.52,13.405,2026-07-28T14:00:00Z,2,105.06,0.17,0.86,92.36,0.87,2.21,3.2,1.95
london,GB,51.5085,-0.1257,2026-07-28T14:00:00Z,2,112.03,12.96,18.45,37.41,17.1,13.18,20.49,0.29
madrid,ES,40.4168,-3.7038,2026-07-28T14:00:00Z,4,155.23,0.06,0.47,147.35,0.55,16.84,27.61,2.07
paris,FR,48.8566,2.3522,2026-07-28T14:00:00Z,3,115.65,0.12,0.63,105.93,0.54,4.95,6.57,2.67
rome,IT,41.9028,12.4964,2026-07-28T14:00:00Z,3,248.04,0.04,0.35,139.87,0.78,12.92,24.18,1.81
berlin,DE,52.52,13.405,2026-07-28T16:00:00Z,2,110.16,0.37,2.88,87.09,1.04,2.67,3.72,4.1
london,GB,51.5074,-0.1278,2026-07-28T16:00:00Z,2,111.56,8.03,22.07,47.77,17.82,13.68,20.57,0.18
madrid,ES,40.4168,-3.7038,2026-07-28T16:00:00Z,4,132.29,0.04,0.51,140.91,0.49,17.01,37.18,1.79
paris,FR,48.8566,2.3522,2026-07-28T16:00:00Z,3,114.01,0.11,0.87,107.7,0.42,4.42,5.75,2.74
rome,IT,41.9028,12.4964,2026-07-28T16:00:00Z,4,240.46,0.03,0.48,140.28,0.73,12.27,22.57,1.71
berlin,DE,52.52,13.405,2026-07-28T18:00:00Z,2,112.26,0.24,3.99,82.88,1.15,2.87,3.99,5.21
london,GB,51.5074,-0.1278,2026-07-28T18:00:00Z,2,110.24,5.39,23.5,49.78,16.57,12.85,19.21,0.09
madrid,ES,40.4168,-3.7038,2026-07-28T18:00:00Z,4,131.63,0.03,0.59,140.25,0.49,17.12,37.19,1.94
paris,FR,48.8566,2.3522,2026-07-28T18:00:00Z,3,113.17,0.07,0.96,106.1,0.38,4.17,5.42,2.83
rome,IT,41.9028,12.4964,2026-07-28T18:00:00Z,4,238.6,0.01,0.57,140.22,0.72,12.03,22,1.68
berlin,DE,52.52,13.405,2026-07-28T20:00:00Z,2,117.69,0,6.84,60.93,1,3.19,4.49,10.07
london,GB,51.5074,-0.1278,2026-07-28T20:00:00Z,2,108.52,0.2,25.94,47.05,13.01,10.59,15.49,0.02
madrid,ES,40.4168,-3.7038,2026-07-28T20:00:00Z,3,138.67,0,1.26,126.52,0.48,18.08,34.26,4.76
paris,FR,48.8566,2.3522,2026-07-28T20:00:00Z,2,114.43,0,2.38,86.1,0.4,4,5.23,4.48
rome,IT,41.9028,12.4964,2026-07-28T20:00:00Z,3,235.62,0,0.56,137.36,0.72,11.78,21.45,1.49
berlin,DE,52.52,13.405,2026-07-28T22:00:00Z,1,118.98,0,8.1,45.36,0.69,3.28,4.66,13.28
london,GB,51.5074,-0.1278,2026-07-28T22:00:00Z,1,107.68,0,23.25,44.71,10.22,9.14,13.12,0.01
madrid,ES,40.4167,-3.7036,2026-07-28T22:00:00Z,3,143.02,0,1.46,110.98,0.41,18.18,31.23,7.16
paris,FR,48.8566,2.3522,2026-07-28T22:00:00Z,2,116.7,0,3.8,68.94,0.47,3.98,5.28,6.11
rome,IT,41.9028,12.4964,2026-07-28T22:00:00Z,3,232.14,0,0.53,132.4,0.76,11.6,21.2,1.32
madrid,ES,40.4154,-3.6958,2026-07-28T23:00:00Z,3,147.34,0,1.16,102.88,0.37,17.41,29.25,7.81
paris,FR,48.8566,2.3522,2026-07-28T23:00:00Z,1,117.16,0,3.42,58.48,0.42,3.78,5.06,6.94
berlin,DE,52.52,13.405,2026-07-29T00:00:00Z,1,115.95,0,6.46,43.03,0.54,3.15,4.48,11.34
london,GB,51.5074,-0.1278,2026-07-29T00:00:00Z,1,108.02,0,23.77,40.38,8.92,9.33,13.1,0
rome,IT,41.9028,12.4964,2026-07-29T00:00:00Z,3,231.85,0,0.53,126.74,0.77,11.5,21.14,1.16
berlin,DE,52.52,13.405,2026-07-29T04:00:00Z,1,111.83,0,4.55,43.37,0.7,3,4.2,6.75
london,GB,51.5074,-0.1278,2026-07-29T04:00:00Z,1,108.83,0.03,24.08,33.87,7.73,9.63,12.91,0.06
madrid,ES,40.4168,-3.7038,2026-07-29T04:00:00Z,3,156.58,0,0.55,101.74,0.32,15.88,29.03,5.07
paris,FR,48.8566,2.3522,2026-07-29T04:00:00Z,1,112.56,0,3,36.02,0.15,3.77,4.99,8.64
rome,IT,41.9028,12.4964,2026-07-29T04:00:00Z,3,230.82,0,0.58,123.03,0.86,11.33,20.63,1.49
berlin,DE,52.52,13.405,2026-07-29T07:00:00Z,1,120.41,2.17,5.76,51.36,2.59,3.57,4.98,8
london,GB,51.5074,-0.1278,2026-07-29T07:00:00Z,1,108.47,4.29,13.05,43.65,6.33,8.71,12.46,0.08
madrid,ES,40.4168,-3.7038,2026-07-29T07:00:00Z,2,159.54,0.1,1.04,88.54,0.31,15.83,27.07,5.48
paris,FR,48.8566,2.3522,2026-07-29T07:00:00Z,1,114.66,1.8,3.87,33.95,0.2,4.31,5.59,7.84
rome,IT,41.9028,12.4964,2026-07-29T07:00:00Z,3,206.4,0.07,0.71,114.77,0.8,12.88,22.09,2.56
berlin,DE,52.52,13.405,2026-07-29T10:00:00Z,3,112.55,0.25,1.3,109.91,3.51,4.64,5.54,2.73
london,GB,51.5074,-0.1278,2026-07-29T10:00:00Z,2,115.34,7.09,12.04,42.99,8.71,10.45,14.72,0.49
madrid,ES,40.4168,-3.7038,2026-07-29T10:00:00Z,3,149.9,0.04,0.29,126.11,0.75,14.61,29.42,2.32
paris,FR,48.8566,2.3515,2026-07-29T10:00:00Z,2,107.87,0.1,0.51,99.4,0.21,3.7,5.19,3.56
rome,IT,41.9028,12.4964,2026-07-29T10:00:00Z,3,190.5,0.05,0.4,114.15,0.71,14.66,24.09,2.48
london,GB,51.5074,-0.1278,2026-07-29T12:00:00Z,2,120.1,9.86,15.46,41.46,12.08,14.3,18.78,0.71
berlin,DE,52.52,13.405,2026-07-29T13:00:00Z,3,113.28,0.18,1.08,121.53,3.47,6.11,6.97,2.64
madrid,ES,40.4165,-3.7026,2026-07-29T13:00:00Z,3,146.92,0.04,0.27,127.07,0.71,14.38,31.7,1.88
paris,FR,48.8562,2.3511,2026-07-29T13:00:00Z,3,113.1,0.07,0.43,112.6,0.19,5.26,6.51,2.84
rome,IT,41.9028,12.4964,2026-07-29T13:00:00Z,3,183.17,0.04,0.32,118.93,0.65,15.34,23.66,2.03
berlin,DE,52.52,13.405,2026-07-29T15:00:00Z,3,115.95,0.28,2.31,122.94,3.21,7.46,8.28,3.55
london,GB,51.5074,-0.1278,2026-07-29T15:00:00Z,2,123.06,8.7,20.96,55.76,12,20.09,27.95,0.04
madrid,ES,40.4168,-3.7038,2026-07-29T15:00:00Z,3,130.57,0.04,0.28,120.44,0.57,13.34,32.09,1.7
paris,FR,48.8566,2.3522,2026-07-29T15:00:00Z,4,164.3,0.07,0.77,140.64,0.37,14.8,16.35,2.85
rome,IT,41.9028,12.4964,2026-07-29T15:00:00Z,3,174.2,0.03,0.31,116.93,0.56,16.68,24.75,1.27
berlin,DE,52.52,13.405,2026-07-29T17:00:00Z,3,119.5,0.35,3.87,117.42,3.21,8.09,9,5.26
london,GB,51.5074,-0.1278,2026-07-29T17:00:00Z,2,117.67,3.82,15.75,72.93,8.77,17.4,25.48,0.1
madrid,ES,40.4242,-3.7024,2026-07-29T17:00:00Z,3,129,0.04,0.32,117.84,0.52,12.96,30.89,1.88
paris,FR,48.8566,2.3522,2026-07-29T17:00:00Z,3,165.44,0.07,0.95,139.48,0.37,15.14,16.69,3.09
rome,IT,41.9028,12.4964,2026-07-29T17:00:00Z,3,173.99,0.02,0.36,116.15,0.55,16.71,24.97,1.28
berlin,DE,52.52,13.405,2026-07-29T19:00:00Z,3,123.76,0.02,6.08,102.66,3,8.52,9.53,7.75
london,GB,51.5085,-0.1257,2026-07-29T19:00:00Z,2,108.07,0.52,11.62,86.34,6.34,12.92,21.14,0.4
madrid,ES,40.4192,-3.7032,2026-07-29T19:00:00Z,3,130.38,0.01,0.54,109.81,0.47,12.88,30.07,2.87
paris,FR,48.8566,2.3522,2026-07-29T19:00:00Z,3,164.7,0.01,1.56,131.08,0.37,15.24,16.78,3.84
rome,IT,41.9028,12.4964,2026-07-29T19:00:00Z,3,176.08,0,0.44,114.02,0.53,16.3,24.81,1.35
london,GB,51.5074,-0.1278,2026-07-29T20:00:00Z,2,108.34,0,10.95,89.91,6.2,12.84,22.03,0.36
madrid,ES,40.4167,-3.7033,2026-07-29T20:00:00Z,2,134.88,0,0.97,93.89,0.42,13.27,29.31,5.06
berlin,DE,52.52,13.405,2026-07-29T21:00:00Z,2,128.01,0,6.8,84.81,2.45,8.18,9.16,9.42
paris,FR,48.8566,2.3522,2026-07-29T21:00:00Z,3,165.82,0,2.33,112.02,0.38,15.35,16.85,5.36
rome,IT,41.9028,12.4964,2026-07-29T21:00:00Z,3,180.8,0,0.42,111.17,0.54,15.45,23.92,1.54
london,GB,51.5085,-0.1257,2026-07-29T22:00:00Z,2,105.6,0,9.74,84.15,5.36,9.3,16.95,0.37
berlin,DE,52.52,13.405,2026-07-29T23:00:00Z,2,127.26,0,6.81,64.45,1.67,7.43,8.34,10.59
madrid,ES,40.4168,-3.7038,2026-07-29T23:00:00Z,2,135.65,0,1.01,83.95,0.35,13.22,28.41,6.11
paris,FR,48.8566,2.3522,2026-07-29T23:00:00Z,2,160.33,0,2.41,93.39,0.31,14.7,16.07,6.63
rome,IT,41.9028,12.4964,2026-07-29T23:00:00Z,3,181.93,0,0.4,111.44,0.59,14.3,22.55,1.78
berlin,DE,52.52,13.405,2026-07-30T02:00:00Z,1,124.41,0,5.63,42.61,0.84,6.83,7.77,9.25
london,GB,51.508,-0.126,2026-07-30T02:00:00Z,1,103.65,0,11.04,55.23,5.23,4.28,7.52,1.35
madrid,ES,40.4168,-3.7038,2026-07-30T02:00:00Z,2,141.39,0,0.88,74.05,0.21,12.65,25.81,6.72
paris,FR,48.8566,2.3522,2026-07-30T02:00:00Z,2,152.14,0,2.6,55.43,0.28,13.36,14.76,9.32
rome,IT,41.9,12.5,2026-07-30T02:00:00Z,3,180.48,0,0.43,115.12,0.78,13.52,21.93,1.6
berlin,DE,52.52,13.405,2026-07-30T05:00:00Z,1,122.55,1.21,6.55,39.16,0.92,5.95,6.91,10.68
london,GB,51.5074,-0.1278,2026-07-30T05:00:00Z,1,102.48,0.15,10.5,46.57,5.23,3.14,5.85,0.94
madrid,ES,40.4168,-3.7038,2026-07-30T05:00:00Z,2,142.93,0,2.03,57.91,0.11,12.21,23.32,7.15
paris,FR,48.8566,2.3522,2026-07-30T05:00:00Z,2,144.64,0.01,5.85,41.72,0.56,12.23,13.95,7.75
rome,IT,41.9028,12.4964,2026-07-30T05:00:00Z,3,180.45,0.02,0.58,118.84,0.94,14.28,25.05,1.17
berlin,DE,52.52,13.405,2026-07-30T08:00:00Z,2,119.51,1.96,5.42,62.16,1.46,5.85,6.9,10.43
london,GB,51.5074,-0.1278,2026-07-30T08:00:00Z,1,97.69,2.23,6.44,50.17,4.92,3.27,6.65,0.6
madrid,ES,40.4168,-3.7038,2026-07-30T08:00:00Z,2,138.77,0.29,1.58,59.7,0.11,11.61,21.74,6.65
paris,FR,48.8566,2.3515,2026-07-30T08:00:00Z,2,133.33,0.46,5.7,38.28,0.68,10.74,12.31,3.58
rome,IT,41.9028,12.4964,2026-07-30T08:00:00Z,3,175.2,0.05,0.43,120.5,0.97,13.12,24.26,1.49
berlin,DE,52.52,13.405,2026-07-30T11:00:00Z,3,109.4,0.24,1.59,126.44,1.95,6.76,7.78,5.55
london,GB,51.5074,-0.1278,2026-07-30T11:00:00Z,2,96.06,2.13,5.3,60.82,5.12,4.15,8.66,0.4
madrid,ES,40.4168,-3.7038,2026-07-30T11:00:00Z,3,123.92,0.04,0.28,106.58,0.47,10.24,22.05,1.97
paris,FR,48.8566,2.3522,2026-07-30T11:00:00Z,2,129.34,1.12,3.18,48.27,0.49,10.97,12.4,3.86
rome,IT,41.9028,12.4964,2026-07-30T11:00:00Z,3,170.57,0.04,0.33,121.08,0.94,12.77,24.33,1.67
berlin,DE,52.52,13.405,2026-07-30T14:00:00Z,3,97.99,0.13,0.95,130.12,1.11,4.83,5.57,3.47
london,GB,51.5074,-0.1278,2026-07-30T14:00:00Z,2,97.1,1.25,4.33,84.71,5.17,6.24,14.48,0.01
madrid,ES,40.4192,-3.7032,2026-07-30T14:00:00Z,3,94.39,0.03,0.17,91.77,0.22,16.48,66.56,0.96
paris,FR,48.8566,2.3522,2026-07-30T14:00:00Z,3,117.23,0.11,0.59,102.25,0.3,8.87,9.85,3.24
rome,IT,41.9028,12.4964,2026-07-30T14:00:00Z,3,170.35,0.04,0.3,120.65,0.88,12.22,23.31,1.28
berlin,DE,52.52,13.405,2026-07-30T16:00:00Z,3,109.14,0.36,6.12,110.74,1.33,5.2,6.08,7.39
london,GB,51.5074,-0.1278,2026-07-30T16:00:00Z,2,96.52,0.88,6.25,85.7,5.42,5.83,13.89,0
madrid,ES,40.4168,-3.7038,2026-07-30T16:00:00Z,3,92.9,0.03,0.25,86.35,0.18,18.23,73.1,1.25
paris,FR,48.8566,2.3522,2026-07-30T16:00:00Z,3,115.95,0.1,0.93,106.84,0.23,8.65,9.82,3.52
rome,IT,41.9028,12.4964,2026-07-30T16:00:00Z,3,170.67,0.03,0.43,115.82,0.77,11.37,22.95,0.7
berlin,DE,52.52,13.405,2026-07-30T18:00:00Z,2,116.11,0.15,8.53,99.96,1.52,5.66,6.68,9.31
london,GB,51.5074,-0.1278,2026-07-30T18:00:00Z,2,97.77,0.54,7.64,82.09,5.32,5.27,12.48,0.01
madrid,ES,40.4168,-3.7038,2026-07-30T18:00:00Z,3,93.9,0.03,0.31,85.95,0.19,17.75,69.54,1.53
paris,FR,48.8566,2.3522,2026-07-30T18:00:00Z,3,115.46,0.07,1.09,105.88,0.23,8.36,9.61,3.7
rome,IT,41.9028,12.4964,2026-07-30T18:00:00Z,3,171.33,0.01,0.52,114.14,0.74,11.04,22.63,0.61
berlin,DE,52.52,13.405,2026-07-30T20:00:00Z,2,128.68,0,8.65,91.85,1.64,6.65,7.8,10.54
london,GB,51.5085,-0.1257,2026-07-30T20:00:00Z,2,101.2,0.01,10.44,73.74,5.56,4.37,9.35,0.08
madrid,ES,40.4168,-3.7038,2026-07-30T20:00:00Z,3,96.75,0,0.61,80.69,0.22,16.68,59.4,3.01
paris,FR,48.8566,2.3522,2026-07-30T20:00:00Z,2,114.73,0,2.37,87.08,0.23,7.9,9.38,5.32
rome,IT,41.8964,12.5024,2026-07-30T20:00:00Z,3,172.09,0,0.52,111.54,0.7,10.45,21.77,0.51
berlin,DE,52.52,13.405,2026-07-30T22:00:00Z,3,141.86,0,4.75,105.92,1.51,7.64,8.48,7.5
london,GB,51.5074,-0.1278,2026-07-30T22:00:00Z,2,101.77,0,12,62.72,5.82,3.23,6.04,0.43
madrid,ES,40.4168,-3.7038,2026-07-30T22:00:00Z,2,97.39,0,0.78,74.91,0.21,14.76,47.45,4.25
paris,FR,48.8566,2.3522,2026-07-30T22:00:00Z,2,110.73,0,3.09,71.14,0.24,6.96,8.63,6.63
rome,IT,41.9028,12.4964,2026-07-30T22:00:00Z,3,171.64,0,0.48,109.32,0.68,9.93,20.87,0.49
berlin,DE,52.52,13.405,2026-07-31T00:00:00Z,2,148.24,0,4.04,93.15,1.1,7.49,8.2,8.74
london,GB,51.5074,-0.1278,2026-07-31T00:00:00Z,1,102.91,0,12.71,56.84,6.07,2.07,3.58,1.29
madrid,ES,40.4168,-3.7038,2026-07-31T00:00:00Z,2,99.36,0,0.74,72.97,0.2,12.57,36.68,5.01
paris,FR,48.8566,2.3522,2026-07-31T00:00:00Z,2,107.09,0,2.68,65.12,0.48,6.16,8.05,6.43
rome,IT,41.9028,12.4964,2026-07-31T00:00:00Z,3,171.43,0,0.49,107.41,0.73,9.99,21.59,0.47
berlin,DE,52.52,13.405,2026-07-31T04:00:00Z,1,144.58,0,4.33,56.67,0.56,7.21,8.18,7.92
london,GB,51.508,-0.126,2026-07-31T04:00:00Z,1,107.6,0,13.61,52.02,7.22,1.74,2.92,2.87
madrid,ES,40.416,-3.703,2026-07-31T04:00:00Z,2,97.4,0,1.01,63.63,0.16,7.33,16.63,6.53
paris,FR,48.8566,2.3522,2026-07-31T04:00:00Z,1,100.99,0,2.18,58.24,0.8,4.91,7.37,3.9
rome,IT,41.9028,12.4964,2026-07-31T04:00:00Z,3,172.91,0,0.5,108.86,0.96,11.64,26.32,0.56
berlin,DE,52.52,13.405,2026-07-31T07:00:00Z,2,153.02,0.64,4.77,86.08,1.81,7.32,8.25,6.7
london,GB,51.5085,-0.1257,2026-07-31T07:00:00Z,1,111.56,2.55,11.1,53.86,7.51,2.17,3.76,3.08
madrid,ES,40.4168,-3.7038,2026-07-31T07:00:00Z,1,93.36,0.37,2.03,53.65,0.15,5.05,10.27,7.07
paris,FR,48.8566,2.3522,2026-07-31T07:00:00Z,1,105.92,0.81,4.22,50.85,0.94,4.51,7.3,3.77
rome,IT,41.9028,12.4964,2026-07-31T07:00:00Z,3,172.26,0.05,0.49,113.68,0.95,12.43,26.51,0.85
berlin,DE,52.52,13.405,2026-07-31T10:00:00Z,3,148.96,0.14,1.32,127.29,1.18,6.98,7.56,3.41
london,GB,51.5073,-0.1276,2026-07-31T10:00:00Z,2,110.83,3.23,9.02,70.64,7.14,2.98,4.7,2.34
madrid,ES,40.4168,-3.7038,2026-07-31T10:00:00Z,2,84.28,0.05,0.24,90.52,0.22,3.15,11.11,1.43
paris,FR,48.8566,2.3522,2026-07-31T10:00:00Z,2,104.61,0.36,1.69,78.21,0.77,5.68,8.05,3.1
rome,IT,41.9028,12.4964,2026-07-31T10:00:00Z,3,173.86,0.04,0.29,117.62,0.89,13.51,27.47,0.92
berlin,DE,52.52,13.405,2026-07-31T12:00:00Z,3,148.36,0.11,1.01,134.45,0.92,6.61,7.32,2.95
london,GB,51.5074,-0.1278,2026-07-31T12:00:00Z,2,106.7,2.1,7.29,89.59,6.99,3.89,5.42,1.7
madrid,ES,40.4168,-3.7038,2026-07-31T12:00:00Z,2,82.97,0.04,0.17,88.16,0.14,2.74,8.81,0.91
paris,FR,48.8566,2.3522,2026-07-31T12:00:00Z,2,105.24,0.15,0.82,92.87,0.54,6.43,8.41,2.82
rome,IT,41.9028,12.4964,2026-07-31T12:00:00Z,3,173.73,0.03,0.25,117.15,0.82,13.61,26.69,0.86
berlin,DE,52.52,13.405,2026-07-31T15:00:00Z,3,142.78,0.06,1.21,129.98,0.7,6.54,7.42,3.16
london,GB,51.5085,-0.1257,2026-07-31T15:00:00Z,3,99.94,1.25,5.6,103.73,6,4.02,6.08,1.31
madrid,ES,40.4168,-3.7038,2026-07-31T15:00:00Z,2,78.92,0.04,0.18,87.77,0.05,1.18,2.69,0.56
paris,FR,48.8566,2.3522,2026-07-31T15:00:00Z,2,97.08,0.08,0.71,81.82,0.2,3.96,5.47,2.62
rome,IT,41.9028,12.4964,2026-07-31T15:00:00Z,3,178.59,0.03,0.28,115.82,0.76,13.61,26.07,0.76
berlin,DE,52.52,13.405,2026-07-31T17:00:00Z,3,152.55,0.07,5.51,110.15,1.04,6.6,7.5,6.48
london,GB,51.5072,-0.1276,2026-07-31T17:00:00Z,3,98.32,0.44,4.36,104.21,3.42,2.78,5.44,1.17
madrid,ES,40.4168,-3.7038,2026-07-31T17:00:00Z,2,77.66,0.02,0.24,89.94,0.04,0.93,1.95,0.83
paris,FR,48.8566,2.3522,2026-07-31T17:00:00Z,2,94.57,0.06,1.1,77.05,0.18,3.07,4.32,3.17
rome,IT,41.9028,12.4964,2026-07-31T17:00:00Z,3,178,0.01,0.51,114.32,0.69,13.09,24.52,0.7
berlin,DE,52.52,13.405,2026-07-31T19:00:00Z,2,156.12,0,6.95,86.25,0.88,6.84,7.72,7.48
london,GB,51.5074,-0.1278,2026-07-31T19:00:00Z,3,100.21,0.01,2.93,104.27,2.13,2.26,4.19,1.2
madrid,ES,40.4167,-3.7036,2026-07-31T19:00:00Z,2,78.23,0,0.76,80.88,0.05,0.97,2.18,3.31
paris,FR,48.8566,2.3522,2026-07-31T19:00:00Z,2,95.14,0,1.59,73.69,0.48,2.94,4.08,3.73
rome,IT,41.9028,12.4964,2026-07-31T19:00:00Z,3,178.47,0,0.56,111.61,0.7,13.07,24.26,0.6
berlin,DE,52.52,13.405,2026-07-31T21:00:00Z,2,158.61,0,7.65,74.29,0.79,7.02,7.94,7.88
london,GB,51.5074,-0.1278,2026-07-31T21:00:00Z,3,101.56,0,3.31,100.52,2.24,2.05,3.92,1.25
madrid,ES,40.4192,-3.7032,2026-07-31T21:00:00Z,2,78.9,0,0.97,76.44,0.05,1.01,2.4,4.43
paris,FR,48.8566,2.3522,2026-07-31T21:00:00Z,2,97.54,0,1.86,74.5,0.76,3.34,4.45,3.9
rome,IT,41.9028,12.4964,2026-07-31T21:00:00Z,3,178.74,0,0.55,110.47,0.73,13.18,24.52,0.55
paris,FR,48.8566,2.3522,2026-07-31T22:00:00Z,2,102.5,0,1.96,76.96,1.11,4.64,5.73,3.92
berlin,DE,52.52,13.405,2026-07-31T23:00:00Z,1,157.63,0,7.65,56.28,0.67,7.18,8.2,9.28
london,GB,51.5085,-0.1257,2026-07-31T23:00:00Z,2,105.88,0,6.76,86.69,3.66,1.8,3.94,1.54
madrid,ES,40.4168,-3.7038,2026-07-31T23:00:00Z,2,78.98,0,1.01,69.97,0.05,1.11,2.8,5.32
rome,IT,41.9028,12.4964,2026-07-31T23:00:00Z,3,178.36,0,0.52,108.94,0.81,13.54,25.38,0.5
berlin,DE,52.52,13.405,2026-08-01T03:00:00Z,1,155.41,0,5.2,47.83,0.61,8.6,9.71,11.28
london,GB,51.5073,-0.1276,2026-08-01T03:00:00Z,2,106.99,0,8.7,68.56,4.25,1.66,3.57,2.54
madrid,ES,40.4168,-3.7038,2026-08-01T03:00:00Z,2,80.32,0,0.89,60.4,0.05,1.33,3.5,4.66
paris,FR,48.8566,2.3522,2026-08-01T03:00:00Z,2,108.74,0,1.58,79.19,1.03,6.42,7.95,3.07
rome,IT,41.9,12.5,2026-08-01T03:00:00Z,3,174.16,0,0.47,108.17,1.05,14.88,28.8,0.64
berlin,DE,52.52,13.405,2026-08-01T06:00:00Z,1,152.28,0.14,4.3,57.98,0.76,6.89,7.37,2.61
london,GB,51.5074,-0.1278,2026-08-01T06:00:00Z,2,103.62,0.72,6.64,70.63,3.81,1.64,3.34,2.13
madrid,ES,40.4168,-3.7038,2026-08-01T06:00:00Z,1,80.99,0.14,2.12,47.23,0.06,1.5,4.06,5.31
paris,FR,48.8566,2.3522,2026-08-01T06:00:00Z,2,104.97,0.32,2.54,72.41,0.98,6.03,8.51,3.06
rome,IT,41.9028,12.4964,2026-08-01T06:00:00Z,3,173.18,0.05,0.69,104.03,1.12,15.2,29.12,1.1
madrid,ES,40.4167,-3.7036,2026-08-01T08:00:00Z,1,79.3,0.32,1.39,54.58,0.08,1.58,4.33,4.66
berlin,DE,52.52,13.405,2026-08-01T09:00:00Z,1,139.66,0.11,4.26,54.28,0.71,5.82,6.24,2.08
london,GB,51.5061,-0.127,2026-08-01T09:00:00Z,2,103.22,1.2,4.77,79.11,3.48,1.68,3.3,1.44
paris,FR,48.8566,2.3522,2026-08-01T09:00:00Z,2,102.01,0.4,1.69,81.08,1.03,6.1,8.82,3.26
rome,IT,41.9028,12.4964,2026-08-01T09:00:00Z,3,170.84,0.06,0.51,106.13,1.04,15.01,28.18,1.22
berlin,DE,52.52,13.405,2026-08-01T11:00:00Z,1,122.47,0.14,3.58,59.39,0.7,4.67,5.21,2.44
london,GB,51.5074,-0.1278,2026-08-01T11:00:00Z,2,103.21,0.95,3.49,91.61,3.42,1.83,3.34,0.72
madrid,ES,40.4154,-3.6958,2026-08-01T11:00:00Z,2,85.25,0.05,0.23,77.45,0.21,5.01,20.98,1.02
paris,FR,48.8617,2.3511,2026-08-01T11:00:00Z,2,101.17,0.11,0.54,98.21,0.68,5.17,6.71,2.08
rome,IT,41.9028,12.4964,2026-08-01T11:00:00Z,3,164.66,0.05,0.33,107.4,0.93,14.75,27.2,1.05
berlin,DE,52.52,13.405,2026-08-01T13:00:00Z,2,108.29,0.23,1.63,74.71,0.53,3.4,3.81,2.5
london,GB,51.5074,-0.1278,2026-08-01T13:00:00Z,2,104.06,1.17,4.72,97.1,5.07,2.76,4.74,1.02
madrid,ES,40.4167,-3.7036,2026-08-01T13:00:00Z,3,90.05,0.04,0.18,66.5,0.07,14.2,64.52,0.45
paris,FR,48.8566,2.3522,2026-08-01T13:00:00Z,3,102.92,0.08,0.45,106.13,0.45,3.7,4.81,1.74
rome,IT,41.9028,12.4964,2026-08-01T13:00:00Z,3,158.15,0.04,0.29,103.85,0.79,14.04,23.94,0.7
london,GB,51.508,-0.126,2026-08-01T14:00:00Z,2,100.83,0.95,6.03,93.63,5.3,2.37,4.36,0.67
madrid,ES,40.4167,-3.7036,2026-08-01T14:00:00Z,3,90.22,0.05,0.2,66.37,0.07,14.21,62.61,0.42
paris,FR,48.8566,2.3522,2026-08-01T14:00:00Z,3,103.3,0.08,0.53,107.6,0.43,3.58,4.66,1.75
berlin,DE,52.52,13.405,2026-08-01T15:00:00Z,2,105.57,0.22,1.37,80.29,0.55,3.25,3.72,2.82
rome,IT,41.9028,12.4964,2026-08-01T15:00:00Z,3,156.83,0.04,0.31,102.66,0.78,13.85,23.54,0.64
berlin,DE,52.52,13.405,2026-08-01T17:00:00Z,2,104.24,0.16,1.56,86.33,0.58,2.81,3.4,3.74
london,GB,51.5074,-0.1278,2026-08-01T17:00:00Z,2,97.84,0.62,7.14,84.17,4.86,1.77,3.64,0.84
madrid,ES,40.4168,-3.7038,2026-08-01T17:00:00Z,3,91.32,0.05,0.27,68.96,0.07,12.29,52.61,0.62
paris,FR,48.8566,2.3522,2026-08-01T17:00:00Z,3,104.76,0.07,0.89,108.7,0.47,3.78,4.95,2.25
rome,IT,41.9028,12.4964,2026-08-01T17:00:00Z,3,155.89,0.03,0.45,101.71,0.76,13.29,22.49,0.55
berlin,DE,52.52,13.405,2026-08-29T10:00:00Z,2,127.36,0.13,0.69,91.39,0.43,0.89,1.22,1.52
london,GB,51.5085,-0.1257,2026-08-29T10:00:00Z,2,133.71,0.31,2.69,76.25,1.42,1.62,2.68,0.31
madrid,ES,40.4168,-3.7035,2026-08-29T10:00:00Z,2,126.74,0.06,0.27,77.47,0.09,0.82,2.32,1.5
paris,FR,48.8566,2.3522,2026-08-29T10:00:00Z,2,126.18,0.06,0.76,77.24,0.15,1.06,1.7,0.87
rome,IT,41.9028,12.4964,2026-08-29T10:00:00Z,2,110.66,0.03,0.36,92.66,0.59,7.34,14.62,0.52
berlin,DE,52.52,13.405,2026-08-29T14:00:00Z,2,127.69,0.15,1.03,91.85,0.45,0.94,1.12,2.04
london,GB,51.508,-0.126,2026-08-29T14:00:00Z,2,126.83,0.13,1.99,88.51,2.15,6.1,14.78,0.05
madrid,ES,40.4168,-3.7038,2026-08-29T14:00:00Z,2,113.61,0.05,0.22,85,0.11,0.74,1.85,1.04
paris,FR,48.8575,2.3514,2026-08-29T14:00:00Z,2,117.62,0.06,0.63,87.76,0.18,1.42,1.97,0.76
rome,IT,41.9028,12.4964,2026-08-29T14:00:00Z,3,164.26,0.04,0.38,103.58,0.45,16.96,27.59,0.39
berlin,DE,52.52,13.405,2026-08-29T17:00:00Z,2,137.53,0.01,3.85,77.98,0.72,1.02,1.39,5.48
london,GB,51.5074,-0.1278,2026-08-29T17:00:00Z,2,126.63,0.08,2.54,97.23,2.29,5.74,16.33,0.09
madrid,ES,40.4168,-3.7038,2026-08-29T17:00:00Z,2,112.79,0.03,0.39,82.28,0.08,0.77,2,1.65
paris,FR,48.8566,2.3522,2026-08-29T17:00:00Z,2,119.99,0.04,0.99,77.86,0.16,1.54,1.93,0.93
rome,IT,41.9028,12.4964,2026-08-29T17:00:00Z,3,128.69,0,0.48,100.15,0.33,9.09,15.18,0.24
berlin,DE,52.52,13.405,2026-08-29T20:00:00Z,2,140.34,0,4.05,70.26,0.75,0.97,1.4,7.02
london,GB,51.5085,-0.1257,2026-08-29T20:00:00Z,2,120.12,0,2.8,92.08,2.27,5.62,16.43,0.2
madrid,ES,40.4167,-3.7033,2026-08-29T20:00:00Z,2,113.72,0,0.74,73.03,0.05,0.83,2.19,3.02
paris,FR,48.8566,2.3522,2026-08-29T20:00:00Z,2,119.33,0,1.06,73.37,0.2,1.91,2.85,1.16
rome,IT,41.9,12.5,2026-08-29T20:00:00Z,2,128.54,0,0.42,95.5,0.3,9.23,14.85,0.21
berlin,DE,52.52,13.405,2026-08-29T22:00:00Z,2,139.11,0,3.43,62.79,0.58,0.9,1.27,6.8
london,GB,51.5074,-0.1278,2026-08-29T22:00:00Z,2,119.02,0,2.95,89.33,2.31,4.57,14.07,0.28
madrid,ES,40.4168,-3.7038,2026-08-29T22:00:00Z,2,114.26,0,0.91,61.23,0.03,0.97,2.47,4.44
paris,FR,48.8566,2.3522,2026-08-29T22:00:00Z,2,117.23,0,0.91,66.75,0.25,2.79,5.18,1.17
rome,IT,41.9028,12.4964,2026-08-29T22:00:00Z,2,147.64,0,0.34,96.81,0.27,12.7,18.25,0.25
berlin,DE,52.52,13.405,2026-08-30T00:00:00Z,1,136.43,0,2.74,59.97,0.51,0.79,1.15,5.61
london,GB,51.5074,-0.1278,2026-08-30T00:00:00Z,2,119.77,0,3.27,87.63,2.48,4.02,12.57,0.33
madrid,ES,40.4168,-3.7038,2026-08-30T00:00:00Z,1,114.09,0,0.86,56.13,0.03,1.05,2.72,5.05
paris,FR,48.8566,2.3522,2026-08-30T00:00:00Z,2,115.21,0,0.74,62.11,0.26,3.25,6.61,1.15
rome,IT,41.9028,12.4964,2026-08-30T00:00:00Z,2,161.95,0,0.33,98.69,0.3,15.45,21.9,0.22
berlin,DE,52.52,13.405,2026-08-30T05:00:00Z,2,126.51,0.09,2.19,69.31,0.64,0.5,0.76,3.86
london,GB,51.5074,-0.1278,2026-08-30T05:00:00Z,2,120.94,0,3.09,90.3,2.27,1.95,6.82,0.12
madrid,ES,40.4167,-3.7036,2026-08-30T05:00:00Z,1,114.6,0,1.9,49.87,0.04,1.26,3.53,8.48
paris,FR,48.8566,2.3522,2026-08-30T05:00:00Z,1,109.21,0,1.13,54.52,0.17,2.33,4.68,1.11
rome,IT,41.9028,12.4964,2026-08-30T05:00:00Z,3,158.16,0,0.35,102.95,0.36,13.48,21.33,0.35
berlin,DE,52.52,13.405,2026-08-30T11:00:00Z,2,112.76,0.15,0.82,78.15,0.41,0.56,0.76,1.86
london,GB,51.5074,-0.1278,2026-08-30T11:00:00Z,2,124.08,0.14,2.84,74.95,1.52,1.42,2.32,0.14
madrid,ES,40.4192,-3.7032,2026-08-30T11:00:00Z,2,102.39,0.04,0.17,89.24,0.08,1.08,3.06,1.27
paris,FR,48.8566,2.3522,2026-08-30T11:00:00Z,2,102.11,0.06,0.77,64.27,0.12,1.1,2.34,0.99
rome,IT,41.9028,12.4964,2026-08-30T11:00:00Z,3,143.86,0.03,0.23,106.58,0.4,9.7,17.77,0.74
berlin,DE,52.52,13.405,2026-08-30T15:00:00Z,2,112.32,0.17,2.22,78.92,0.44,0.65,0.89,3.27
london,GB,51.5074,-0.1278,2026-08-30T15:00:00Z,2,118.19,0.28,1.86,80.89,1.6,0.95,1.89,0.35
madrid,ES,40.4168,-3.7038,2026-08-30T15:00:00Z,2,87.29,0.03,0.18,83.36,0.07,0.95,2.38,0.76
paris,FR,48.8566,2.3522,2026-08-30T15:00:00Z,2,101.63,0.03,0.92,72.65,0.08,1.13,1.62,1.03
rome,IT,41.9028,12.4964,2026-08-30T15:00:00Z,3,119.91,0.03,0.25,101.12,0.74,4.15,14.41,0.59
berlin,DE,52.52,13.405,2026-08-30T18:00:00Z,1,119.66,0,6.08,57.92,0.62,0.93,1.56,8.75
london,GB,51.5074,-0.1278,2026-08-30T18:00:00Z,2,117.05,0,2.98,74.05,1.66,1.02,2.36,0.22
madrid,ES,40.4168,-3.7038,2026-08-30T18:00:00Z,2,87.05,0,0.39,77.92,0.08,1.21,3.13,1.36
paris,FR,48.8566,2.3522,2026-08-30T18:00:00Z,2,103.02,0,1.17,68.26,0.09,1.02,1.29,1.31
rome,IT,41.9028,12.4964,2026-08-30T18:00:00Z,2,123.67,0,0.32,98.38,0.69,3.53,12.24,0.49
berlin,DE,52.52,13.405,2026-08-30T21:00:00Z,1,121.7,0,6.99,43.06,0.44,1.2,2.09,9.43
london,GB,51.5085,-0.1257,2026-08-30T21:00:00Z,2,126.76,0,2.13,69.1,1.33,1.62,3.29,0.07
madrid,ES,40.416,-3.703,2026-08-30T21:00:00Z,1,87.68,0,0.72,59.68,0.06,1.25,3.31,3
paris,FR,48.8566,2.3522,2026-08-30T21:00:00Z,2,107.33,0,0.86,75.11,0.2,0.97,2.19,2.04
rome,IT,41.9028,12.4964,2026-08-30T21:00:00Z,2,122.11,0,0.32,94.63,0.64,3.43,12.37,0.54
berlin,DE,52.52,13.405,2026-08-30T23:00:00Z,1,119.95,0,6.36,36.19,0.33,1.34,2.3,6.28
london,GB,51.5074,-0.1278,2026-08-30T23:00:00Z,2,134.81,0,2.02,72.22,1.33,1.8,4.01,0.04
madrid,ES,40.4168,-3.7038,2026-08-30T23:00:00Z,1,88.32,0,0.85,47.85,0.04,1.19,3.2,4.07
paris,FR,48.8566,2.3522,2026-08-30T23:00:00Z,2,111.47,0,0.65,70.44,0.22,1.22,2.98,1.55
rome,IT,41.9028,12.4964,2026-08-30T23:00:00Z,2,119.45,0,0.28,94.68,0.56,3.12,11.23,0.57
berlin,DE,52.52,13.405,2026-08-31T03:00:00Z,1,114.83,0,5.01,31.25,0.34,1.44,2.16,3.46
london,GB,51.5074,-0.1278,2026-08-31T03:00:00Z,1,132.41,0,1.69,58.92,1.26,1.46,4.51,0.06
madrid,ES,40.4165,-3.7026,2026-08-31T03:00:00Z,1,88.98,0,1.03,39.57,0.03,1.09,3.12,6
paris,FR,48.8566,2.3522,2026-08-31T03:00:00Z,2,111.66,0,0.45,64.58,0.24,1.7,4.2,0.99
rome,IT,41.9028,12.4964,2026-08-31T03:00:00Z,2,122.44,0,0.31,93.45,0.69,3.77,12.86,0.58
berlin,DE,52.52,13.405,2026-08-31T10:00:00Z,2,113.45,0.47,2.42,67.45,0.7,1.38,1.62,1.81
london,GB,51.5085,-0.1257,2026-08-31T10:00:00Z,1,134.02,0.61,2.03,58.72,1.77,1.01,3.14,0.65
madrid,ES,40.4168,-3.7038,2026-08-31T10:00:00Z,2,90.59,0.14,0.53,63.28,0.1,0.96,2.94,2.3
paris,FR,48.8566,2.3522,2026-08-31T10:00:00Z,2,125.52,0.13,0.56,68.35,0.26,1.94,3.65,0.88
rome,IT,41.9028,12.4964,2026-08-31T10:00:00Z,2,120.98,0.04,0.23,95.59,0.6,4.33,11.45,0.59
berlin,DE,52.52,13.405,2026-08-31T17:00:00Z,2,117.33,0.02,3.41,73.09,0.76,0.96,1.24,2.43
london,GB,51.5074,-0.1278,2026-08-31T17:00:00Z,2,125.72,0.04,2.54,82.97,1.51,0.82,2.52,0.75
madrid,ES,40.4168,-3.7038,2026-08-31T17:00:00Z,2,83.22,0.03,0.36,79.28,0.13,0.95,2.48,1.49
paris,FR,48.8566,2.3522,2026-08-31T17:00:00Z,2,120.82,0.03,1.12,77.77,0.18,1.02,1.84,2.27
rome,IT,41.9028,12.4964,2026-08-31T17:00:00Z,2,119.57,0,0.29,93.65,0.57,4.87,12.02,0.51
berlin,DE,52.52,13.405,2026-08-31T22:00:00Z,1,123.04,0,3.01,58.47,0.62,0.51,0.77,1.93
london,GB,51.5074,-0.1278,2026-08-31T22:00:00Z,2,135.63,0,3.89,80.35,1.96,1.02,2.7,1.42
madrid,ES,40.4168,-3.7038,2026-08-31T22:00:00Z,2,86.82,0,0.97,63.76,0.07,1.04,2.53,3.85
paris,FR,48.8566,2.3522,2026-08-31T22:00:00Z,2,123.72,0,2.4,60.62,0.13,1.18,2.18,4.1
rome,IT,41.9028,12.4964,2026-08-31T22:00:00Z,2,119.09,0,0.34,91.89,0.68,4.03,11.56,0.56
berlin,DE,52.52,13.405,2026-09-01T01:00:00Z,1,133.09,0,3.22,52.27,0.7,0.56,0.95,1.68
london,GB,51.5074,-0.1278,2026-09-01T01:00:00Z,2,133.93,0,3.72,83.01,1.91,0.92,2.29,1.21
madrid,ES,40.4168,-3.7038,2026-09-01T01:00:00Z,1,88.26,0,1.06,54.11,0.04,1.15,2.82,5.32
paris,FR,48.8566,2.3522,2026-09-01T01:00:00Z,1,121.94,0,1.97,46.9,0.07,1.16,2.32,1.54
rome,IT,41.9028,12.4964,2026-09-01T01:00:00Z,2,115.58,0,0.32,90.3,0.66,4.23,13.52,0.56
berlin,DE,52.52,13.405,2026-09-01T06:00:00Z,1,142.83,0.62,4.53,48.56,1.46,1.67,2.81,1.52
london,GB,51.5074,-0.1278,2026-09-01T06:00:00Z,2,133.95,0.08,3.41,81.03,2.01,0.98,2.82,0.99
madrid,ES,40.4192,-3.7032,2026-09-01T06:00:00Z,1,91.73,0.12,3.24,45.09,0.05,1.42,3.78,9.61
paris,FR,48.859,2.3533,2026-09-01T06:00:00Z,1,129.81,0.24,4.87,33.3,0.18,1.85,4.21,0.8
rome,IT,41.9028,12.4964,2026-09-01T06:00:00Z,2,119.19,0.03,0.4,91.33,0.59,5.11,16.15,0.63
berlin,DE,52.52,13.405,2026-09-01T12:00:00Z,2,128.03,0.25,1.6,75.98,0.67,1.1,1.41,0.98
london,GB,51.5074,-0.1278,2026-09-01T12:00:00Z,2,132.14,0.47,2.17,87.98,1.95,1,2.67,0.29
madrid,ES,40.4168,-3.7038,2026-09-01T12:00:00Z,2,84.67,0.07,0.33,92.42,0.39,2.08,6.32,1.35
paris,FR,48.8566,2.3522,2026-09-01T12:00:00Z,2,125.8,0.16,0.86,80.57,0.28,1.8,4.29,1
rome,IT,41.9028,12.4964,2026-09-01T12:00:00Z,2,115.18,0.04,0.23,93.19,0.53,5.39,15.75,0.61
